Title,Product Type,Category,Price Include Tax(£),Price Exclude Tax(£),Tax(£),Availability,Rating,Reviews,UPC
A Light in the Attic,Books,Poetry,51.77,51.77,0.00,22,3,0,a897fe39b1053632
Tipping the Velvet,Books,Historical Fiction,53.74,53.74,0.00,20,1,0,90fa61229261140a
Soumission,Books,Fiction,50.10,50.10,0.00,20,1,0,6957f44c3847a760
Sharp Objects,Books,Mystery,47.82,47.82,0.00,20,4,0,e00eb4fd7b871a48
Sapiens: A Brief History of Humankind,Books,History,54.23,54.23,0.00,20,5,0,4165285e1663650f
The Requiem Red,Books,Young Adult,22.65,22.65,0.00,19,1,0,f77dbf2323deb740
The Dirty Little Secrets of Getting Your Dream Job,Books,Business,33.34,33.34,0.00,19,4,0,2597b5a345f45e1b
"The Coming Woman: A Novel Based on the Life of the Infamous Feminist, Victoria Woodhull",Books,Default,17.93,17.93,0.00,19,3,0,e72a5dfc7e9267b2
The Boys in the Boat: Nine Americans and Their Epic Quest for Gold at the 1936 Berlin Olympics,Books,Default,22.60,22.60,0.00,19,4,0,e10e1e165dc8be4a
The Black Maria,Books,Poetry,52.15,52.15,0.00,19,1,0,1dfe412b8ac00530
"Starving Hearts (Triangular Trade Trilogy, #1)",Books,Default,13.99,13.99,0.00,19,2,0,0312262ecafa5a40
Shakespeare's Sonnets,Books,Poetry,20.66,20.66,0.00,19,4,0,30a7f60cd76ca58c
Set Me Free,Books,Young Adult,17.46,17.46,0.00,19,5,0,ce6396b0f23f6ecc
Scott Pilgrim's Precious Little Life (Scott Pilgrim #1),Books,Sequential Art,52.29,52.29,0.00,19,5,0,3b1c02bac2a429e6
Rip it Up and Start Again,Books,Music,35.02,35.02,0.00,19,5,0,a34ba96d4081e6a4
"Our Band Could Be Your Life: Scenes from the American Indie Underground, 1981-1991",Books,Music,57.25,57.25,0.00,19,3,0,deda3e61b9514b83
Olio,Books,Poetry,23.88,23.88,0.00,19,1,0,feb7cc7701ecf901
Mesaerion: The Best Science Fiction Stories 1800-1849,Books,Science Fiction,37.59,37.59,0.00,19,1,0,e30f54cea9b38190
Libertarianism for Beginners,Books,Politics,51.33,51.33,0.00,19,2,0,a18a4f574854aced
It's Only the Himalayas,Books,Travel,45.17,45.17,0.00,19,2,0,a22124811bfa8350
In Her Wake,Books,Thriller,12.84,12.84,0.00,19,1,0,23356462d1320d61
How Music Works,Books,Music,37.32,37.32,0.00,19,2,0,327f68a59745c102
"Foolproof Preserving: A Guide to Small Batch Jams, Jellies, Pickles, Condiments, and More: A Foolproof Guide to Making Small Batch Jams, Jellies, Pickles, Condiments, and More",Books,Food and Drink,30.52,30.52,0.00,19,3,0,5674a18a29a43ced
Chase Me (Paris Nights #2),Books,Romance,25.27,25.27,0.00,19,5,0,c2e46a2ee3b4a322
Black Dust,Books,Romance,34.53,34.53,0.00,19,5,0,00bfed9e18bb36f3
Birdsong: A Story in Pictures,Books,Childrens,54.64,54.64,0.00,19,3,0,9528d0948525bf5f
America's Cradle of Quarterbacks: Western Pennsylvania's Football Factory from Johnny Unitas to Joe Montana,Books,Default,22.50,22.50,0.00,19,3,0,c7d160c2c0de586f
Aladdin and His Wonderful Lamp,Books,Default,53.13,53.13,0.00,19,3,0,904208d6aa64b655
Worlds Elsewhere: Journeys Around Shakespeareâs Globe,Books,Nonfiction,40.30,40.30,0.00,18,5,0,4c28def39d850cdf
Wall and Piece,Books,Art,44.18,44.18,0.00,18,4,0,ccd9ffa25efabdea
The Four Agreements: A Practical Guide to Personal Freedom,Books,Spirituality,17.66,17.66,0.00,18,5,0,6258a1f6a6dcfe50
The Five Love Languages: How to Express Heartfelt Commitment to Your Mate,Books,Nonfiction,31.05,31.05,0.00,18,3,0,3c039985229453bf
The Elephant Tree,Books,Thriller,23.82,23.82,0.00,18,5,0,5dada2b7be26bd03
The Bear and the Piano,Books,Childrens,36.89,36.89,0.00,18,1,0,9f6568e9c95f60b0
Sophie's World,Books,Philosophy,15.94,15.94,0.00,18,5,0,6be3beb0793a53e7
Penny Maybe,Books,Default,33.29,33.29,0.00,18,3,0,668fe56b17cfcd4f
Maude (1883-1993):She Grew Up with the country,Books,Default,18.02,18.02,0.00,18,2,0,094b269567e1c300
"In a Dark, Dark Wood",Books,Mystery,19.63,19.63,0.00,18,1,0,19ed25f4641d5efd
Behind Closed Doors,Books,Thriller,52.22,52.22,0.00,18,4,0,be5cc846f45496fb
You can't bury them all: Poems,Books,Poetry,33.63,33.63,0.00,17,2,0,55f9da0c5eea2e10
Slow States of Collapse: Poems,Books,Poetry,57.31,57.31,0.00,17,3,0,b4fd5943413e089a
Reasons to Stay Alive,Books,Nonfiction,26.41,26.41,0.00,17,2,0,c8f7f0cb1abb9cac
Private Paris (Private #10),Books,Fiction,47.61,47.61,0.00,17,5,0,b12b89017878a60d
#HigherSelfie: Wake Up Your Life. Free Your Soul. Find Your Tribe.,Books,Nonfiction,23.11,23.11,0.00,17,5,0,c27f6e1f185b0383
Without Borders (Wanderlove #1),Books,New Adult,45.07,45.07,0.00,16,2,0,acddfeab2a407640
When We Collided,Books,Contemporary,31.77,31.77,0.00,16,1,0,3ecb690d1542c568
"We Love You, Charlie Freeman",Books,Fiction,50.27,50.27,0.00,16,5,0,8d455c7539795d2a
Untitled Collection: Sabbath Poems 2014,Books,Poetry,14.27,14.27,0.00,16,4,0,657fe5ead67a7767
"Unseen City: The Majesty of Pigeons, the Discreet Charm of Snails & Other Wonders of the Urban Wilderness",Books,Nonfiction,44.18,44.18,0.00,16,4,0,d170b5a0da46380e
Unicorn Tracks,Books,Fantasy,18.78,18.78,0.00,16,3,0,7ae099f3898e0209
"Unbound: How Eight Technologies Made Us Human, Transformed Society, and Brought Our World to the Brink",Books,History,25.52,25.52,0.00,16,1,0,9a9d6e9bc555731e
Tsubasa: WoRLD CHRoNiCLE 2 (Tsubasa WoRLD CHRoNiCLE #2),Books,Sequential Art,16.28,16.28,0.00,16,1,0,09555be379ad9253
Throwing Rocks at the Google Bus: How Growth Became the Enemy of Prosperity,Books,Nonfiction,31.12,31.12,0.00,16,3,0,7858914fad68493c
This One Summer,Books,Sequential Art,19.49,19.49,0.00,16,4,0,51653ef291ab7ddc
Thirst,Books,Fiction,17.27,17.27,0.00,16,5,0,709822d0b5bcb7f4
The Torch Is Passed: A Harding Family Story,Books,Add a comment,19.09,19.09,0.00,16,1,0,4eed62cf5f8d8edf
The Secret of Dreadwillow Carse,Books,Childrens,56.13,56.13,0.00,16,1,0,b5ea0b5dabed25a8
"The Pioneer Woman Cooks: Dinnertime: Comfort Classics, Freezer Food, 16-Minute Meals, and Other Delicious Ways to Solve Supper!",Books,Food and Drink,56.41,56.41,0.00,16,1,0,142d767a56a9254d
The Past Never Ends,Books,Mystery,56.50,56.50,0.00,16,4,0,5ee94540d0749ea0
The Natural History of Us (The Fine Art of Pretending #2),Books,Young Adult,45.22,45.22,0.00,16,3,0,cedf82b5086e4691
The Nameless City (The Nameless City #1),Books,Sequential Art,38.16,38.16,0.00,16,4,0,7d385d34d12e60ff
The Murder That Never Was (Forensic Instincts #5),Books,Fiction,54.11,54.11,0.00,16,3,0,d01ac97e2b8947c2
The Most Perfect Thing: Inside (and Outside) a Bird's Egg,Books,Science,42.96,42.96,0.00,16,4,0,aadee1c326d286e3
"The Mindfulness and Acceptance Workbook for Anxiety: A Guide to Breaking Free from Anxiety, Phobias, and Worry Using Acceptance and Commitment Therapy",Books,Add a comment,23.89,23.89,0.00,16,4,0,31075275518532d7
The Life-Changing Magic of Tidying Up: The Japanese Art of Decluttering and Organizing,Books,Nonfiction,16.77,16.77,0.00,16,3,0,0da9aa9d24677fc0
"The Inefficiency Assassin: Time Management Tactics for Working Smarter, Not Longer",Books,Default,20.59,20.59,0.00,16,5,0,8c9e6bf2467d740d
The Gutsy Girl: Escapades for Your Life of Epic Adventure,Books,Nonfiction,37.13,37.13,0.00,16,1,0,acd86a5426e21ca0
The Electric Pencil: Drawings from Inside State Hospital No. 3,Books,Nonfiction,56.06,56.06,0.00,16,1,0,a30b270e25489e5c
The Death of Humanity: and the Case for Life,Books,Philosophy,58.11,58.11,0.00,16,4,0,bd261725b99f5983
"The Bulletproof Diet: Lose up to a Pound a Day, Reclaim Energy and Focus, Upgrade Your Life",Books,Health,49.05,49.05,0.00,16,3,0,43c6a960757cf559
The Art Forger,Books,Add a comment,40.76,40.76,0.00,16,3,0,80cfab6bcff3a244
The Age of Genius: The Seventeenth Century and the Birth of the Modern Mind,Books,History,19.73,19.73,0.00,16,1,0,a3d2a4250807f1e9
The Activist's Tao Te Ching: Ancient Advice for a Modern Revolution,Books,Spirituality,32.24,32.24,0.00,16,5,0,7d6d2a6c0276f81b
Spark Joy: An Illustrated Master Class on the Art of Organizing and Tidying Up,Books,Nonfiction,41.83,41.83,0.00,16,4,0,87b0615b6e1f4d7b
Soul Reader,Books,Default,39.58,39.58,0.00,16,2,0,e6af5bf1163c1151
Security,Books,Horror,39.25,39.25,0.00,16,2,0,6f78a0d744c35456
"Saga, Volume 6 (Saga (Collected Editions) #6)",Books,Fantasy,25.02,25.02,0.00,16,3,0,c849f0b2f5d6a742
"Saga, Volume 5 (Saga (Collected Editions) #5)",Books,Sequential Art,51.04,51.04,0.00,16,2,0,53a3d11bb568cc8b
Reskilling America: Learning to Labor in the Twenty-First Century,Books,Nonfiction,19.83,19.83,0.00,16,2,0,d7310206583a54b6
"Rat Queens, Vol. 3: Demons (Rat Queens (Collected Editions) #11-15)",Books,Sequential Art,50.40,50.40,0.00,16,3,0,c82a3e358c773c73
"Princess Jellyfish 2-in-1 Omnibus, Vol. 01 (Princess Jellyfish 2-in-1 Omnibus #1)",Books,Sequential Art,13.61,13.61,0.00,16,5,0,0fa6dceead7ce47a
Princess Between Worlds (Wide-Awake Princess #5),Books,Fantasy,13.34,13.34,0.00,16,5,0,0e691eda369f4e09
"Pop Gun War, Volume 1: Gift",Books,Sequential Art,18.97,18.97,0.00,16,1,0,e80f8e518b300dfe
"Political Suicide: Missteps, Peccadilloes, Bad Calls, Backroom Hijinx, Sordid Pasts, Rotten Breaks, and Just Plain Dumb Mistakes in the Annals of American Politics",Books,History,36.28,36.28,0.00,16,2,0,7392c0032f92d816
Patience,Books,Sequential Art,10.16,10.16,0.00,16,3,0,9429b4d59c537af5
"Outcast, Vol. 1: A Darkness Surrounds Him (Outcast #1)",Books,Sequential Art,15.44,15.44,0.00,16,4,0,889139b8e9c4cb36
orange: The Complete Collection 1 (orange: The Complete Collection #1),Books,Sequential Art,48.41,48.41,0.00,16,1,0,11809b1d323b3057
Online Marketing for Busy Authors: A Step-By-Step Guide,Books,Self Help,46.35,46.35,0.00,16,1,0,9ffa38d3b832433a
On a Midnight Clear,Books,Add a comment,14.07,14.07,0.00,16,3,0,b757c0c361e689ce
Obsidian (Lux #1),Books,Young Adult,14.86,14.86,0.00,16,2,0,3c346ab1e76ae1f6
My Paris Kitchen: Recipes and Stories,Books,Food and Drink,33.37,33.37,0.00,16,2,0,784bc2279baa878d
Masks and Shadows,Books,Fantasy,56.40,56.40,0.00,16,2,0,fa9610a50a1bf149
"Mama Tried: Traditional Italian Cooking for the Screwed, Crude, Vegan, and Tattooed",Books,Food and Drink,14.02,14.02,0.00,16,4,0,72f9d5be3472d34e
"Lumberjanes, Vol. 2: Friendship to the Max (Lumberjanes #5-8)",Books,Sequential Art,46.91,46.91,0.00,16,2,0,460089f796fb3f82
"Lumberjanes, Vol. 1: Beware the Kitten Holy (Lumberjanes #1-4)",Books,Sequential Art,45.61,45.61,0.00,16,3,0,b6ee99bcf06fc91f
Lumberjanes Vol. 3: A Terrible Plan (Lumberjanes #9-12),Books,Sequential Art,19.92,19.92,0.00,16,2,0,57e5a4d515c8ce44
"Layered: Baking, Building, and Styling Spectacular Cakes",Books,Food and Drink,40.11,40.11,0.00,16,1,0,7b75cc7f223791f4
Judo: Seven Steps to Black Belt (an Introductory Guide for Beginners),Books,Add a comment,53.90,53.90,0.00,16,2,0,228f74b74f3a08ae
Join,Books,Science Fiction,35.67,35.67,0.00,16,5,0,18ad3ed896c7ce05
In the Country We Love: My Family Divided,Books,Nonfiction,22.00,22.00,0.00,16,4,0,b136b1b180ca753a
Immunity: How Elie Metchnikoff Changed the Course of Modern Medicine,Books,Science,57.36,57.36,0.00,16,5,0,e4f74c16de34d440
"I Hate Fairyland, Vol. 1: Madly Ever After (I Hate Fairyland (Compilations) #1-5)",Books,Sequential Art,29.17,29.17,0.00,16,2,0,8d4eefad7a2b3915
I am a Hero Omnibus Volume 1,Books,Sequential Art,54.63,54.63,0.00,16,3,0,1c89ae5bb804e4de
How to Be Miserable: 40 Strategies You Already Use,Books,Self Help,46.03,46.03,0.00,16,1,0,a6f99b9e687f9d46
Her Backup Boyfriend (The Sorensen Family #1),Books,Romance,33.97,33.97,0.00,16,1,0,2a97cffe61c3c4c7
"Giant Days, Vol. 2 (Giant Days #5-8)",Books,Sequential Art,22.11,22.11,0.00,16,2,0,f2df3bb043a8abb0
Forever and Forever: The Courtship of Henry Longfellow and Fanny Appleton,Books,Historical Fiction,29.69,29.69,0.00,16,3,0,9beb96a2300109d7
First and First (Five Boroughs #3),Books,Romance,15.97,15.97,0.00,16,4,0,9e28048cea8d41f7
Fifty Shades Darker (Fifty Shades #2),Books,Romance,21.96,21.96,0.00,16,1,0,7add3f8e49ec0826
Everydata: The Misinformation Hidden in the Little Data You Consume Every Day,Books,Nonfiction,54.35,54.35,0.00,16,2,0,311c0dd0e354a33e
"Don't Be a Jerk: And Other Practical Advice from Dogen, Japan's Greatest Zen Master",Books,Religion,37.97,37.97,0.00,16,2,0,fce19f9b4a943f22
Danganronpa Volume 1,Books,Sequential Art,51.99,51.99,0.00,16,4,0,09b6cc87e62c2c58
Crown of Midnight (Throne of Glass #2),Books,Fantasy,43.29,43.29,0.00,16,3,0,7267864328ae8b9d
"Codename Baboushka, Volume 1: The Conclave of Death",Books,Sequential Art,36.72,36.72,0.00,16,4,0,8754c83ab2a7ae71
Camp Midnight,Books,Sequential Art,17.08,17.08,0.00,16,4,0,7b599c8bfcdd8d30
Call the Nurse: True Stories of a Country Nurse on a Scottish Isle,Books,Nonfiction,29.14,29.14,0.00,16,5,0,bee3672891cca906
Burning,Books,Young Adult,28.81,28.81,0.00,16,3,0,5ceb951f629700a2
Bossypants,Books,Default,49.46,49.46,0.00,16,2,0,74baabfc8fd84b38
"Bitch Planet, Vol. 1: Extraordinary Machine (Bitch Planet (Collected Editions))",Books,Sequential Art,37.92,37.92,0.00,16,2,0,bdf415fd484ea8a7
"Avatar: The Last Airbender: Smoke and Shadow, Part 3 (Smoke and Shadow #3)",Books,Fantasy,28.09,28.09,0.00,16,2,0,6d5300b2d8f37e07
Algorithms to Live By: The Computer Science of Human Decisions,Books,Nonfiction,30.81,30.81,0.00,16,1,0,38d45839cb1c83c1
A World of Flavor: Your Gluten Free Passport,Books,Default,42.95,42.95,0.00,16,1,0,70ed59f194b3c556
"A Piece of Sky, a Grain of Rice: A Memoir in Four Meditations",Books,Default,56.76,56.76,0.00,16,5,0,8a380641491d43ed
A Murder in Time,Books,Mystery,16.64,16.64,0.00,16,1,0,f733e8c19d40ec2e
A Flight of Arrows (The Pathfinders #2),Books,Historical Fiction,55.53,55.53,0.00,16,5,0,3a6fb983e2554023
A Fierce and Subtle Poison,Books,Young Adult,28.13,28.13,0.00,16,4,0,842790dfaa937484
A Court of Thorns and Roses (A Court of Thorns and Roses #1),Books,Fantasy,52.37,52.37,0.00,16,1,0,01d2001ac1e6f8a3
(Un)Qualified: How God Uses Broken People to Do Big Things,Books,Christian,54.00,54.00,0.00,16,5,0,e4ac92d89b946781
You Are What You Love: The Spiritual Power of Habit,Books,Religion,21.87,21.87,0.00,15,4,0,796c87ddbbaaf8c5
"William Shakespeare's Star Wars: Verily, A New Hope (William Shakespeare's Star Wars #4)",Books,Science Fiction,43.30,43.30,0.00,15,4,0,9270575728a13a61
Tuesday Nights in 1980,Books,Fiction,21.04,21.04,0.00,15,2,0,b8736690cf263a3c
Tracing Numbers on a Train,Books,Default,41.60,41.60,0.00,15,3,0,d7d6d50c1e3d0b81
Throne of Glass (Throne of Glass #1),Books,Fantasy,35.07,35.07,0.00,15,3,0,590a9cccf7db9f7d
Thomas Jefferson and the Tripoli Pirates: The Forgotten War That Changed American History,Books,History,59.64,59.64,0.00,15,1,0,de3f25248ba0789f
Thirteen Reasons Why,Books,Default,52.72,52.72,0.00,15,1,0,bc2a85fd35fdc7bd
The White Cat and the Monk: A Retelling of the Poem âPangur BÃ¡nâ,Books,Childrens,58.08,58.08,0.00,15,4,0,37c0cb19713d8dda
The Wedding Dress,Books,Romance,24.12,24.12,0.00,15,1,0,623e1a180426039b
The Vacationers,Books,Fiction,42.15,42.15,0.00,15,4,0,fd3a622648667296
The Third Wave: An Entrepreneurâs Vision of the Future,Books,Business,12.61,12.61,0.00,15,5,0,3bebf34ee9330cbd
The Stranger,Books,Philosophy,17.44,17.44,0.00,15,4,0,f5a92cff83897d48
The Shadow Hero (The Shadow Hero),Books,Sequential Art,33.14,33.14,0.00,15,1,0,d6361d16212664ed
The Secret (The Secret #1),Books,Default,27.37,27.37,0.00,15,4,0,961f18db4f138211
The Regional Office Is Under Attack!,Books,Fiction,51.36,51.36,0.00,15,5,0,0651062381f0636a
The Psychopath Test: A Journey Through the Madness Industry,Books,Default,36.00,36.00,0.00,15,2,0,e98a4efa85070c2f
The Project,Books,Science Fiction,10.65,10.65,0.00,15,1,0,790ef197c8f236f5
The Power of Now: A Guide to Spiritual Enlightenment,Books,Nonfiction,43.54,43.54,0.00,15,2,0,8ec14b1576cb7cb5
The Omnivore's Dilemma: A Natural History of Four Meals,Books,Nonfiction,38.21,38.21,0.00,15,2,0,209adad1015af86f
The Nerdy Nummies Cookbook: Sweet Treats for the Geek in All of Us,Books,Food and Drink,37.34,37.34,0.00,15,5,0,e4c7f3487d17fd42
The Murder of Roger Ackroyd (Hercule Poirot #4),Books,Mystery,44.10,44.10,0.00,15,4,0,c7b5183f4d1d4efe
The Mistake (Off-Campus #2),Books,New Adult,43.29,43.29,0.00,15,3,0,99ff4cc6491e8f5c
The Matchmaker's Playbook (Wingmen Inc. #1),Books,New Adult,55.85,55.85,0.00,15,1,0,08db62f24627e71f
The Love and Lemons Cookbook: An Apple-to-Zucchini Celebration of Impromptu Cooking,Books,Food and Drink,37.60,37.60,0.00,15,2,0,e28e330cbdf01126
The Long Shadow of Small Ghosts: Murder and Memory in an American City,Books,Crime,10.97,10.97,0.00,15,1,0,abeafe151a587d3b
The Kite Runner,Books,Default,41.82,41.82,0.00,15,4,0,eac1a180047ad54e
The House by the Lake,Books,Historical Fiction,36.95,36.95,0.00,15,1,0,9287e238d7c3b06e
The Glittering Court (The Glittering Court #1),Books,Fantasy,44.28,44.28,0.00,15,1,0,2dbb7ec08cdd7f3c
The Girl on the Train,Books,Default,55.02,55.02,0.00,15,2,0,e956d67c9bcc5809
The Genius of Birds,Books,Nonfiction,17.24,17.24,0.00,15,1,0,42d0d7c92b75fc1c
The Emerald Mystery,Books,Default,23.15,23.15,0.00,15,2,0,d6670dfe3e7b42bd
The Cookies & Cups Cookbook: 125+ sweet & savory recipes reminding you to Always Eat Dessert First,Books,Food and Drink,41.25,41.25,0.00,15,1,0,96a38e7c813d8f1d
The Bridge to Consciousness: I'm Writing the Bridge Between Science and Our Old and New Beliefs.,Books,Default,32.00,32.00,0.00,15,3,0,efc3768127714ec3
The Artist's Way: A Spiritual Path to Higher Creativity,Books,Nonfiction,38.49,38.49,0.00,15,5,0,dd047728de72ad62
The Art of War,Books,Default,33.34,33.34,0.00,15,5,0,e7469e22b5bfb3e7
The Argonauts,Books,Autobiography,10.93,10.93,0.00,15,2,0,c99761a700ade23f
The 10% Entrepreneur: Live Your Startup Dream Without Quitting Your Day Job,Books,Business,27.55,27.55,0.00,15,3,0,56e4f9eab2e8e674
Suddenly in Love (Lake Haven #1),Books,Romance,55.99,55.99,0.00,15,2,0,203b7f94b7d6115f
Something More Than This,Books,Romance,16.24,16.24,0.00,15,4,0,ca71e72655bece85
Soft Apocalypse,Books,Science Fiction,26.12,26.12,0.00,15,2,0,2a70769cdc6eb8b8
So You've Been Publicly Shamed,Books,Nonfiction,12.23,12.23,0.00,15,2,0,1b33663ad7b95fd8
Shoe Dog: A Memoir by the Creator of NIKE,Books,Business,23.99,23.99,0.00,15,2,0,0e0dcc3339602b28
"Shobu Samurai, Project Aryoku (#3)",Books,Add a comment,29.06,29.06,0.00,15,3,0,0c27e6c3744fc14b
Secrets and Lace (Fatal Hearts #1),Books,Default,20.27,20.27,0.00,15,1,0,ad04ad9fc179fc5d
Scarlett Epstein Hates It Here,Books,Young Adult,43.55,43.55,0.00,15,5,0,1c929cfd16b71907
Romero and Juliet: A Tragic Tale of Love and Zombies,Books,Default,36.94,36.94,0.00,15,1,0,e656e280bc8edd56
Redeeming Love,Books,Christian Fiction,20.47,20.47,0.00,15,5,0,b53db2271c9624f7
Poses for Artists Volume 1 - Dynamic and Sitting Poses: An Essential Reference for Figure Drawing and the Human Form,Books,Default,41.06,41.06,0.00,15,1,0,d9c643fa1fc57bdb
Poems That Make Grown Women Cry,Books,Poetry,14.19,14.19,0.00,15,4,0,31001a1210623bd4
"Nightingale, Sing",Books,Young Adult,38.28,38.28,0.00,15,1,0,50b8f80311b31ede
Night Sky with Exit Wounds,Books,Poetry,41.05,41.05,0.00,15,1,0,cfeb1e1e0e695b58
Mrs. Houdini,Books,Historical Fiction,30.25,30.25,0.00,15,5,0,a40723994f715420
Modern Romance,Books,Add a comment,28.26,28.26,0.00,15,5,0,caf4fe9311f1dc59
Miss Peregrineâs Home for Peculiar Children (Miss Peregrineâs Peculiar Children #1),Books,Default,10.76,10.76,0.00,15,1,0,af96613fdd793a3c
Louisa: The Extraordinary Life of Mrs. Adams,Books,Biography,16.85,16.85,0.00,15,2,0,d69dd8dac66f9f84
Little Red,Books,Childrens,13.47,13.47,0.00,15,3,0,4aa03792b50f0b22
Library of Souls (Miss Peregrineâs Peculiar Children #3),Books,Young Adult,48.56,48.56,0.00,15,5,0,ba54932df84e8cea
Large Print Heart of the Pride,Books,Default,19.15,19.15,0.00,15,2,0,c1afd71fc86bf682
I Had a Nice Time And Other Lies...: How to find love & sh*t like that,Books,Womens Fiction,57.36,57.36,0.00,15,4,0,fd8585283fc7d2d7
Hollow City (Miss Peregrineâs Peculiar Children #2),Books,Fantasy,42.98,42.98,0.00,15,1,0,4ce91d31c1e57c33
Grumbles,Books,Default,22.16,22.16,0.00,15,2,0,d163dd6c352fbcd2
Full Moon over Noahâs Ark: An Odyssey to Mount Ararat and Beyond,Books,Travel,49.43,49.43,0.00,15,4,0,ce60436f52c5ee68
Frostbite (Vampire Academy #2),Books,Young Adult,29.99,29.99,0.00,15,5,0,116a2fdc9a45bab0
Follow You Home,Books,Horror,21.36,21.36,0.00,15,1,0,8585760646e3aa2a
First Steps for New Christians (Print Edition),Books,Default,29.00,29.00,0.00,15,1,0,2f88b08bf0a0e367
Finders Keepers (Bill Hodges Trilogy #2),Books,Fiction,53.53,53.53,0.00,15,5,0,edb3097e71330040
"Fables, Vol. 1: Legends in Exile (Fables #1)",Books,Sequential Art,41.62,41.62,0.00,15,4,0,65d034adf80834b7
Eureka Trivia 6.0,Books,Default,54.59,54.59,0.00,15,4,0,29c0025455f8c585
Drive: The Surprising Truth About What Motivates Us,Books,Default,34.95,34.95,0.00,15,4,0,6ffb36aaeff1c81e
Done Rubbed Out (Reightman & Bailey #1),Books,Default,37.72,37.72,0.00,15,5,0,f6d967cdadc6fbd9
Doing It Over (Most Likely To #1),Books,Romance,35.61,35.61,0.00,15,3,0,3a11bb962ff45b78
"Deliciously Ella Every Day: Quick and Easy Recipes for Gluten-Free Snacks, Packed Lunches, and Simple Meals",Books,Food and Drink,42.16,42.16,0.00,15,3,0,46c1530d7546ea6d
Dark Notes,Books,Erotica,19.19,19.19,0.00,15,5,0,88c21fcd38e2486e
"Daring Greatly: How the Courage to Be Vulnerable Transforms the Way We Live, Love, Parent, and Lead",Books,Nonfiction,19.43,19.43,0.00,15,3,0,3b9a3b4624b7fd6d
Close to You,Books,Christian Fiction,49.46,49.46,0.00,15,4,0,a57b1dcbd6849222
Chasing Heaven: What Dying Taught Me About Living,Books,Spirituality,37.80,37.80,0.00,15,2,0,513271dadc1322ae
Big Magic: Creative Living Beyond Fear,Books,Nonfiction,30.80,30.80,0.00,15,3,0,1f329c2e7d7de8bd
Becoming Wise: An Inquiry into the Mystery and Art of Living,Books,Nonfiction,27.43,27.43,0.00,15,2,0,919e7cb2269a25d2
Beauty Restored (Riley Family Legacy Novellas #3),Books,Default,11.11,11.11,0.00,15,2,0,3f69e667a67e54d9
Batman: The Long Halloween (Batman),Books,Sequential Art,36.50,36.50,0.00,15,2,0,7edc0527cf782e19
Batman: The Dark Knight Returns (Batman),Books,Sequential Art,15.38,15.38,0.00,15,5,0,47271d8e08b5d31c
Ayumi's Violin,Books,Default,15.48,15.48,0.00,15,2,0,05f7c6d9a4e582d3
Anonymous,Books,Default,46.82,46.82,0.00,15,4,0,d24b829be2ca81c4
Amy Meets the Saints and Sages,Books,Default,18.46,18.46,0.00,15,3,0,7ebfa6c1bee69e1e
Amid the Chaos,Books,Cultural,36.58,36.58,0.00,15,1,0,bb8245f52c7cce8f
Amatus,Books,Default,50.54,50.54,0.00,15,5,0,ffd54178acc9a6a5
Agnostic: A Spirited Manifesto,Books,Nonfiction,12.51,12.51,0.00,15,5,0,d195e7f4ed697350
Zealot: The Life and Times of Jesus of Nazareth,Books,History,24.70,24.70,0.00,14,3,0,dd5bfa6cc2c0ecc3
You (You #1),Books,Thriller,43.61,43.61,0.00,14,5,0,024387ca4cafd5cc
"Wonder Woman: Earth One, Volume One (Wonder Woman: Earth One #1)",Books,Sequential Art,37.34,37.34,0.00,14,4,0,047097293bb4d1c0
Wild Swans,Books,Young Adult,14.36,14.36,0.00,14,2,0,3fb15ace50d6142b
Why the Right Went Wrong: Conservatism--From Goldwater to the Tea Party and Beyond,Books,Politics,52.65,52.65,0.00,14,4,0,2b5054a4192e9b06
Whole Lotta Creativity Going On: 60 Fun and Unusual Exercises to Awaken and Strengthen Your Creativity,Books,Nonfiction,38.20,38.20,0.00,14,4,0,44a10f1ac8ce822e
What's It Like in Space?: Stories from Astronauts Who've Been There,Books,Nonfiction,19.60,19.60,0.00,14,2,0,6fd646a334e6e133
"We Are Robin, Vol. 1: The Vigilante Business (We Are Robin #1)",Books,Sequential Art,53.90,53.90,0.00,14,1,0,92275cedf6d8ee15
Walt Disney's Alice in Wonderland,Books,Childrens,12.96,12.96,0.00,14,5,0,6a31307a81e8f3a8
V for Vendetta (V for Vendetta Complete),Books,Default,37.10,37.10,0.00,14,4,0,4a1debca3135ff37
Until Friday Night (The Field Party #1),Books,Young Adult,46.31,46.31,0.00,14,2,0,aba2db9afb1469c7
"Unbroken: A World War II Story of Survival, Resilience, and Redemption",Books,Default,45.95,45.95,0.00,14,2,0,76c84daa539426e2
Twenty Yawns,Books,Childrens,22.08,22.08,0.00,14,2,0,1d6443ffba9dfd80
Through the Woods,Books,Sequential Art,25.38,25.38,0.00,14,2,0,6e44bcbeac7f4360
This Is Where It Ends,Books,Young Adult,27.12,27.12,0.00,14,2,0,f0f38174a7e689a3
The Year of Magical Thinking,Books,Nonfiction,43.04,43.04,0.00,14,2,0,34c0d7c4ee5650af
The Wright Brothers,Books,Default,56.80,56.80,0.00,14,4,0,08b2f71d93836313
The White Queen (The Cousins' War #1),Books,Add a comment,25.91,25.91,0.00,14,5,0,6875c5657661b2fb
The Wedding Pact (The O'Malleys #2),Books,Romance,32.61,32.61,0.00,14,3,0,c5cb9f885d8b3621
The Time Keeper,Books,Fiction,27.88,27.88,0.00,14,5,0,e9906e2f0d189745
The Testament of Mary,Books,Fiction,52.67,52.67,0.00,14,4,0,081305e6df719dff
The Star-Touched Queen,Books,Fantasy,46.02,46.02,0.00,14,5,0,1528279aec1f3dce
The Songs of the Gods,Books,Default,44.48,44.48,0.00,14,5,0,00c4543ec6bd25b4
The Song of Achilles,Books,Add a comment,37.40,37.40,0.00,14,5,0,e88fb1c9397cfb27
The Rosie Project (Don Tillman #1),Books,Default,54.04,54.04,0.00,14,1,0,012094e90a4b908d
The Power of Habit: Why We Do What We Do in Life and Business,Books,Default,16.88,16.88,0.00,14,3,0,6bdd909329435e80
The Marriage of Opposites,Books,Historical Fiction,28.08,28.08,0.00,14,4,0,52cf2a5933ec5d8f
The Lucifer Effect: Understanding How Good People Turn Evil,Books,Psychology,10.40,10.40,0.00,14,1,0,4e812d32d64e2431
The Long Haul (Diary of a Wimpy Kid #9),Books,Humor,44.07,44.07,0.00,14,1,0,f21effc079a2b38a
The Loney,Books,Horror,23.40,23.40,0.00,14,1,0,2d88a31f325dfd3b
The Literature Book (Big Ideas Simply Explained),Books,Nonfiction,17.43,17.43,0.00,14,3,0,4881cc53f6c8892f
The Last Mile (Amos Decker #2),Books,Mystery,54.21,54.21,0.00,14,2,0,3bc89353f7e3a3cc
The Immortal Life of Henrietta Lacks,Books,Add a comment,40.67,40.67,0.00,14,2,0,f72f61ad6a5f12ed
The Hidden Oracle (The Trials of Apollo #1),Books,Fantasy,52.26,52.26,0.00,14,2,0,992974ba6a0536ea
The Help Yourself Cookbook for Kids: 60 Easy Plant-Based Recipes Kids Can Make to Stay Healthy and Save the Earth,Books,Food and Drink,28.77,28.77,0.00,14,3,0,ddc8340dabc8641b
The Guilty (Will Robie #4),Books,Thriller,13.82,13.82,0.00,14,2,0,847935fc68707426
The First Hostage (J.B. Collins #2),Books,Fiction,25.85,25.85,0.00,14,3,0,a86972014275e072
The Dovekeepers,Books,Add a comment,48.78,48.78,0.00,14,1,0,3d76bc83c6b644c9
The Darkest Lie,Books,Young Adult,35.35,35.35,0.00,14,5,0,6edacfd1f8ebb9eb
The Bane Chronicles (The Bane Chronicles #1-11),Books,Fantasy,44.73,44.73,0.00,14,4,0,dc6f688b82e42a5b
The Bad-Ass Librarians of Timbuktu: And Their Race to Save the Worldâs Most Precious Manuscripts,Books,Nonfiction,15.77,15.77,0.00,14,1,0,923831a05c9f91f7
The 14th Colony (Cotton Malone #11),Books,Thriller,39.24,39.24,0.00,14,1,0,1b8187fa4bf6ab05
That Darkness (Gardiner and Renner #1),Books,Mystery,13.92,13.92,0.00,14,1,0,0c7b9cf2b7662b65
Tastes Like Fear (DI Marnie Rome #3),Books,Mystery,10.69,10.69,0.00,14,1,0,2d1e337aaf341858
Take Me with You,Books,Fiction,45.21,45.21,0.00,14,3,0,2c04320e110a14a3
Swell: A Year of Waves,Books,Nonfiction,45.58,45.58,0.00,14,1,0,4c8b7540409da4ac
Superman Vol. 1: Before Truth (Superman by Gene Luen Yang #1),Books,Sequential Art,11.89,11.89,0.00,14,5,0,ac8e3949d284e9a9
Still Life with Bread Crumbs,Books,Fiction,26.41,26.41,0.00,14,3,0,fe44cc816576c652
Steve Jobs,Books,Default,39.50,39.50,0.00,14,5,0,95019eac1c0a052f
Sorting the Beef from the Bull: The Science of Food Fraud Forensics,Books,Science,44.74,44.74,0.00,14,4,0,3edcccc4f341fb1a
Someone Like You (The Harrisons #2),Books,Contemporary,52.79,52.79,0.00,14,5,0,a278db6b2b09cf9f
"So Cute It Hurts!!, Vol. 6 (So Cute It Hurts!! #6)",Books,Sequential Art,35.43,35.43,0.00,14,4,0,394f6d30cafc3edb
Shtum,Books,Fiction,55.84,55.84,0.00,14,4,0,830fb3967c74866d
See America: A Celebration of Our National Parks & Treasured Sites,Books,Travel,48.87,48.87,0.00,14,3,0,f9705c362f070608
salt.,Books,Poetry,46.78,46.78,0.00,14,4,0,86cbddb61ea78bb7
Robin War,Books,Sequential Art,47.82,47.82,0.00,14,3,0,85b2176b3b194030
"Red Hood/Arsenal, Vol. 1: Open for Business (Red Hood/Arsenal #1)",Books,Sequential Art,25.48,25.48,0.00,14,2,0,31e2e2d9cca3778f
Rain Fish,Books,Childrens,23.57,23.57,0.00,14,3,0,a6454e329f872b78
"Quarter Life Poetry: Poems for the Young, Broke and Hangry",Books,Poetry,50.89,50.89,0.00,14,5,0,aa35446aab16017f
Pet Sematary,Books,Horror,10.56,10.56,0.00,14,3,0,af58a74e4b2a23a0
"Overload: How to Unplug, Unwind, and Unleash Yourself from the Pressure of Stress",Books,Self Help,52.15,52.15,0.00,14,3,0,8ecf0356a3878811
Once Was a Time,Books,Childrens,18.28,18.28,0.00,14,2,0,e34efcc824685332
Old School (Diary of a Wimpy Kid #10),Books,Humor,11.83,11.83,0.00,14,5,0,02b74068fa98d8a4
No Dream Is Too High: Life Lessons From a Man Who Walked on the Moon,Books,Nonfiction,21.95,21.95,0.00,14,2,0,132ec5e8c984adef
"Naruto (3-in-1 Edition), Vol. 14: Includes Vols. 40, 41 & 42 (Naruto: Omnibus #14)",Books,Sequential Art,38.39,38.39,0.00,14,2,0,71e36f33981ddb74
My Name Is Lucy Barton,Books,Fiction,41.56,41.56,0.00,14,1,0,727bf2b86b19ad88
My Mrs. Brown,Books,Fiction,24.48,24.48,0.00,14,3,0,cc82685d9f49bc2c
My Kind of Crazy,Books,Young Adult,40.36,40.36,0.00,14,1,0,137b0b2775701e11
Mr. Mercedes (Bill Hodges Trilogy #1),Books,Fiction,28.90,28.90,0.00,14,1,0,caa2e5b3fb1b2d4c
More Than Music (Chasing the Dream #1),Books,Add a comment,37.61,37.61,0.00,14,2,0,47d47155e89c8be7
Made to Stick: Why Some Ideas Survive and Others Die,Books,Business,38.85,38.85,0.00,14,5,0,b96fc7a0ea7d4b45
Luis Paints the World,Books,Childrens,53.95,53.95,0.00,14,3,0,5b43cae640f2338a
Luckiest Girl Alive,Books,Default,49.83,49.83,0.00,14,3,0,d512871626a5e588
Lowriders to the Center of the Earth (Lowriders in Space #2),Books,Sequential Art,51.51,51.51,0.00,14,2,0,a10c7515834240f3
Love Is a Mix Tape (Music #1),Books,Music,18.03,18.03,0.00,14,1,0,adb5f51c2e2ab13f
Looking for Lovely: Collecting the Moments that Matter,Books,Nonfiction,29.14,29.14,0.00,14,5,0,24af96df0bafb925
"Living Leadership by Insight: A Good Leader Achieves, a Great Leader Builds Monuments",Books,Default,46.91,46.91,0.00,14,4,0,17fb5a88180f9904
Let It Out: A Journey Through Journaling,Books,Nonfiction,26.79,26.79,0.00,14,5,0,1174156c4a0eccaa
Lady Midnight (The Dark Artifices #1),Books,Default,16.28,16.28,0.00,14,5,0,708345c9897fd7c5
"It's All Easy: Healthy, Delicious Weeknight Meals in under 30 Minutes",Books,Food and Drink,19.55,19.55,0.00,14,1,0,245e6bf08b8d2955
Island of Dragons (Unwanteds #7),Books,Fantasy,29.65,29.65,0.00,14,1,0,2b52334fab158861
I Know What I'm Doing -- and Other Lies I Tell Myself: Dispatches from a Life Under Construction,Books,Humor,25.98,25.98,0.00,14,4,0,b8a8ff84233f0570
I Am Pilgrim (Pilgrim #1),Books,Fiction,10.60,10.60,0.00,14,4,0,aeff7b87a8e83ebb
"Hyperbole and a Half: Unfortunate Situations, Flawed Coping Mechanisms, Mayhem, and Other Things That Happened",Books,Humor,14.75,14.75,0.00,14,5,0,fbb21a2f71f4d981
"Hush, Hush (Hush, Hush #1)",Books,Default,47.02,47.02,0.00,14,3,0,6b6cd77fbc91b7a6
Hold Your Breath (Search and Rescue #1),Books,Romance,28.82,28.82,0.00,14,1,0,0b165bd4b9f42fd5
Hamilton: The Revolution,Books,Nonfiction,58.79,58.79,0.00,14,3,0,afa829857f82f99e
Greek Mythic History,Books,Default,10.23,10.23,0.00,14,5,0,f201f263d8c23f97
God: The Most Unpleasant Character in All Fiction,Books,Religion,30.03,30.03,0.00,14,5,0,eec424a84c9e4c68
Glory over Everything: Beyond The Kitchen House,Books,Historical Fiction,45.84,45.84,0.00,14,3,0,de4b403cb629a29f
Feathers: Displays of Brilliant Plumage,Books,Art,49.05,49.05,0.00,14,3,0,9194ae88379dbf1a
"Far & Away: Places on the Brink of Change: Seven Continents, Twenty-Five Years",Books,Nonfiction,15.06,15.06,0.00,14,4,0,ac4dde0d1be05de0
Every Last Word,Books,Default,46.47,46.47,0.00,14,3,0,a2bd4ca82d908442
Eligible (The Austen Project #4),Books,Fiction,27.09,27.09,0.00,14,3,0,9eaf58b03a2779cc
El Deafo,Books,Sequential Art,57.62,57.62,0.00,14,5,0,27c5968fe43cc06e
Eight Hundred Grapes,Books,Fiction,14.39,14.39,0.00,14,4,0,1d6dd0c87d90fe92
"Eaternity: More than 150 Deliciously Easy Vegan Recipes for a Long, Healthy, Satisfied, Joyful Life",Books,Nonfiction,51.75,51.75,0.00,14,5,0,a01f6d368ef64dc5
"Eat Fat, Get Thin",Books,Health,54.07,54.07,0.00,14,2,0,047dfa57ba0bf638
Don't Get Caught,Books,Young Adult,55.35,55.35,0.00,14,1,0,ad2887ce04583910
Doctor Sleep (The Shining #2),Books,Horror,40.12,40.12,0.00,14,2,0,bf5de316a5e9a4ab
Demigods & Magicians: Percy and Annabeth Meet the Kanes (Percy Jackson & Kane Chronicles Crossover #1-3),Books,Fantasy,37.51,37.51,0.00,14,5,0,3c6fe637a0180b01
Dear Mr. Knightley,Books,Fiction,11.21,11.21,0.00,14,5,0,94a958ea126cdcd5
Daily Fantasy Sports,Books,Default,36.58,36.58,0.00,14,1,0,0e94a089328be4bc
Crazy Love: Overwhelmed by a Relentless God,Books,Christian,47.72,47.72,0.00,14,2,0,4b9d9cfe0f435788
Cometh the Hour (The Clifton Chronicles #6),Books,Fiction,25.01,25.01,0.00,14,3,0,28cf0d1c51b491e5
Code Name Verity (Code Name Verity #1),Books,Add a comment,22.13,22.13,0.00,14,4,0,33a3e0e3ffde0dcd
Clockwork Angel (The Infernal Devices #1),Books,Default,44.14,44.14,0.00,14,1,0,42b0c50fc44140ec
City of Glass (The Mortal Instruments #3),Books,Fantasy,56.02,56.02,0.00,14,4,0,966ebb738e0f9d9b
City of Fallen Angels (The Mortal Instruments #4),Books,Default,11.23,11.23,0.00,14,4,0,1e264c677d4ee4ae
City of Bones (The Mortal Instruments #1),Books,Default,43.28,43.28,0.00,14,1,0,5b987e54ee72525c
City of Ashes (The Mortal Instruments #2),Books,Default,47.27,47.27,0.00,14,1,0,8a6ec2761f91dad2
Cell,Books,Add a comment,20.29,20.29,0.00,14,4,0,bfbb54bc8cdeed2b
Catching Jordan (Hundred Oaks),Books,Young Adult,50.83,50.83,0.00,14,3,0,e2e7b683b4c15b7d
"Carry On, Warrior: Thoughts on Life Unarmed",Books,Default,31.85,31.85,0.00,14,3,0,1b0fc9f777cad045
Carrie,Books,Default,46.23,46.23,0.00,14,2,0,5f22418922fa728b
Buying In: The Secret Dialogue Between What We Buy and Who We Are,Books,Nonfiction,37.80,37.80,0.00,14,4,0,16ef91b9d827859c
Brain on Fire: My Month of Madness,Books,Nonfiction,49.32,49.32,0.00,14,5,0,a80f66b254fe9eb3
Batman: Europa,Books,Sequential Art,32.01,32.01,0.00,14,2,0,bf68dcb5fad3cc8c
Barefoot Contessa Back to Basics,Books,Food and Drink,28.01,28.01,0.00,14,1,0,999912e63a3262ae
Barefoot Contessa at Home: Everyday Recipes You'll Make Over and Over Again,Books,Food and Drink,50.62,50.62,0.00,14,5,0,0e0da9192a025efc
Balloon Animals,Books,Fiction,17.03,17.03,0.00,14,3,0,9b65f676984c9f0c
Art Ops Vol. 1,Books,Sequential Art,48.80,48.80,0.00,14,3,0,ffdc825785c0ede8
Aristotle and Dante Discover the Secrets of the Universe (Aristotle and Dante Discover the Secrets of the Universe #1),Books,Young Adult,58.14,58.14,0.00,14,4,0,41164b8ac02a2c42
Angels Walking (Angels Walking #1),Books,Add a comment,34.20,34.20,0.00,14,2,0,1fbb5f786e53a0ce
Angels & Demons (Robert Langdon #1),Books,Default,51.48,51.48,0.00,14,3,0,ad41c24ccac0c7ce
All the Light We Cannot See,Books,Historical,29.87,29.87,0.00,14,5,0,39861fc1c0845d15
"Adulthood Is a Myth: A ""Sarah's Scribbles"" Collection",Books,Sequential Art,10.90,10.90,0.00,14,2,0,5319169a72714c62
Abstract City,Books,Nonfiction,56.37,56.37,0.00,14,5,0,cf1aa2fc02a7d1e0
A Time of Torment (Charlie Parker #14),Books,Mystery,48.35,48.35,0.00,14,5,0,4416c474713ec1f5
A Study in Scarlet (Sherlock Holmes #1),Books,Mystery,16.73,16.73,0.00,14,2,0,63ee5bc46066a8a8
"A Series of Catastrophes and Miracles: A True Story of Love, Science, and Cancer",Books,Add a comment,56.48,56.48,0.00,14,2,0,c1379d3744f1dd2c
A People's History of the United States,Books,Add a comment,40.79,40.79,0.00,14,2,0,1ad06aed9349af46
A Man Called Ove,Books,Fiction,39.72,39.72,0.00,14,1,0,8682c03de6a844ff
A Distant Mirror: The Calamitous 14th Century,Books,History,14.58,14.58,0.00,14,3,0,d5e0526e1ab682a3
A Brush of Wings (Angels Walking #3),Books,Add a comment,55.51,55.51,0.00,14,1,0,01a177623cce9596
1491: New Revelations of the Americas Before Columbus,Books,History,21.80,21.80,0.00,14,3,0,6e8e5626ac4d279e
"The Three Searches, Meaning, and the Story",Books,Default,13.33,13.33,0.00,13,3,0,ac5e0d3938caf686
Searching for Meaning in Gailana,Books,Fantasy,38.73,38.73,0.00,13,1,0,2f0213137a80d485
Rook,Books,Add a comment,37.86,37.86,0.00,13,4,0,44d97b6707dae3f0
My Kitchen Year: 136 Recipes That Saved My Life,Books,Food and Drink,11.53,11.53,0.00,13,2,0,8bbd7df8a324f31d
13 Hours: The Inside Account of What Really Happened In Benghazi,Books,Nonfiction,27.06,27.06,0.00,13,1,0,4be9d1910f8a4e80
Will You Won't You Want Me?,Books,Womens Fiction,13.86,13.86,0.00,12,3,0,077b635ff2afc578
Tipping Point for Planet Earth: How Close Are We to the Edge?,Books,Science,37.55,37.55,0.00,12,1,0,148715df5a02ea5e
The Star-Touched Queen,Books,Fantasy,32.30,32.30,0.00,12,5,0,4a7a25be293ad678
The Silent Sister (Riley MacPherson #1),Books,Fiction,46.29,46.29,0.00,12,5,0,ce1ae197ada2aec4
The Midnight Watch: A Novel of the Titanic and the Californian,Books,Add a comment,26.20,26.20,0.00,12,1,0,14e44163678e24dc
The Lonely City: Adventures in the Art of Being Alone,Books,Nonfiction,33.26,33.26,0.00,12,2,0,582a21a1dbbef3cf
The Gray Rhino: How to Recognize and Act on the Obvious Dangers We Ignore,Books,Add a comment,59.15,59.15,0.00,12,4,0,3063c7e95d0bf76f
The Golden Condom: And Other Essays on Love Lost and Found,Books,Psychology,39.43,39.43,0.00,12,1,0,235fa48eeed11d82
The Epidemic (The Program 0.6),Books,Young Adult,14.44,14.44,0.00,12,5,0,f732d7d18a91d2ba
The Dinner Party,Books,Fiction,56.54,56.54,0.00,12,2,0,c6ca293d4810e0d5
The Diary of a Young Girl,Books,Nonfiction,59.90,59.90,0.00,12,3,0,54fc03f1e1d355db
The Children,Books,Add a comment,11.88,11.88,0.00,12,3,0,64fd010bf8d15096
Stars Above (The Lunar Chronicles #4.5),Books,Young Adult,48.05,48.05,0.00,12,2,0,b63ea3f7a57ae099
Snatched: How A Drug Queen Went Undercover for the DEA and Was Kidnapped By Colombian Guerillas,Books,Nonfiction,21.21,21.21,0.00,12,3,0,f40fea200e0c644f
Raspberry Pi Electronics Projects for the Evil Genius,Books,Default,49.67,49.67,0.00,12,4,0,ebf81a62e4798fd1
Quench Your Own Thirst: Business Lessons Learned Over a Beer or Two,Books,Business,43.14,43.14,0.00,12,1,0,8976d9161c027142
Psycho: Sanitarium (Psycho #1.5),Books,Horror,36.97,36.97,0.00,12,5,0,b8d7b3f5c7a95d65
Poisonous (Max Revere Novels #3),Books,Mystery,26.80,26.80,0.00,12,3,0,abdd91e96515a617
One with You (Crossfire #5),Books,Add a comment,15.71,15.71,0.00,12,4,0,81ef44fcc5f454df
No Love Allowed (Dodge Cove #1),Books,Young Adult,54.65,54.65,0.00,12,4,0,db84624b151cbe06
Murder at the 42nd Street Library (Raymond Ambler #1),Books,Mystery,54.36,54.36,0.00,12,4,0,e7fe3bf2768602cf
Most Wanted,Books,Mystery,35.28,35.28,0.00,12,3,0,c039f5aceb093537
"Love, Lies and Spies",Books,Historical Fiction,20.55,20.55,0.00,12,2,0,9546d537fbf99eb6
How to Speak Golf: An Illustrated Guide to Links Lingo,Books,Default,58.32,58.32,0.00,12,5,0,b978c9852cde91bd
Hide Away (Eve Duncan #20),Books,Mystery,11.84,11.84,0.00,12,1,0,bddc6fd036eb6279
Furiously Happy: A Funny Book About Horrible Things,Books,Nonfiction,41.46,41.46,0.00,12,4,0,c6a29d6df8de968c
Everyday Italian: 125 Simple and Delicious Recipes,Books,Food and Drink,20.10,20.10,0.00,12,5,0,76319fe9d8b465a3
Equal Is Unfair: America's Misguided Fight Against Income Inequality,Books,Politics,56.86,56.86,0.00,12,1,0,3968e3fbf4695d7c
Eleanor & Park,Books,Default,56.51,56.51,0.00,12,5,0,6983328f15506cb9
Dirty (Dive Bar #1),Books,Romance,40.83,40.83,0.00,12,4,0,df7e628bad5782b4
Can You Keep a Secret? (Fear Street Relaunch #4),Books,Horror,48.64,48.64,0.00,12,1,0,d069086944f2e330
Boar Island (Anna Pigeon #19),Books,Mystery,59.48,59.48,0.00,12,3,0,49b24c6a41b82bd2
A Paris Apartment,Books,Historical Fiction,39.01,39.01,0.00,12,4,0,63343e287971bb0c
"A la Mode: 120 Recipes in 60 Pairings: Pies, Tarts, Cakes, Crisps, and More Topped with Ice Cream, Gelato, Frozen Custard, and More",Books,Food and Drink,38.77,38.77,0.00,12,1,0,a4eef523118805ef
Troublemaker: Surviving Hollywood and Scientology,Books,Default,48.39,48.39,0.00,11,2,0,515cb8fcafb1ad98
The Widow,Books,Mystery,27.26,27.26,0.00,11,2,0,6159d8b187831770
"The Sleep Revolution: Transforming Your Life, One Night at a Time",Books,Nonfiction,11.68,11.68,0.00,11,4,0,985991708c47003e
The Improbability of Love,Books,Fiction,59.45,59.45,0.00,11,1,0,437d8dea9272d0a9
The Art of Startup Fundraising,Books,Business,21.00,21.00,0.00,11,3,0,1c584f82a7a1c4f0
Take Me Home Tonight (Rock Star Romance #3),Books,Romance,53.98,53.98,0.00,11,3,0,cf62fa272b5f0fa3
Sleeping Giants (Themis Files #1),Books,Science Fiction,48.74,48.74,0.00,11,1,0,f435aa99d864077d
"Setting the World on Fire: The Brief, Astonishing Life of St. Catherine of Siena",Books,Biography,21.15,21.15,0.00,11,2,0,b06599b108e83f98
Playing with Fire,Books,Mystery,13.71,13.71,0.00,11,3,0,05a61a3bd8ca4149
Off the Hook (Fishing for Trouble #1),Books,Romance,47.67,47.67,0.00,11,3,0,b783ce08802cd1d1
Mothering Sunday,Books,Fiction,13.34,13.34,0.00,11,2,0,47e1b2d43f709995
"Mother, Can You Not?",Books,Nonfiction,16.89,16.89,0.00,11,5,0,28b2df9fadc9f07e
M Train,Books,Autobiography,27.18,27.18,0.00,11,1,0,5569c3fea112718e
Lilac Girls,Books,Historical Fiction,17.28,17.28,0.00,11,2,0,bade9943ee01b63f
Lies and Other Acts of Love,Books,Fiction,45.14,45.14,0.00,11,1,0,469508882dfc1991
Lab Girl,Books,Autobiography,40.85,40.85,0.00,11,1,0,825d6c44da3ca5a6
Keep Me Posted,Books,Womens Fiction,20.46,20.46,0.00,11,4,0,20dc4f1ac5d4fd9c
It Didn't Start with You: How Inherited Family Trauma Shapes Who We Are and How to End the Cycle,Books,Psychology,56.27,56.27,0.00,11,3,0,ce8666d9b42fc9a0
Grey (Fifty Shades #4),Books,Womens Fiction,48.49,48.49,0.00,11,4,0,b5953ca1f8a0b8d7
"Exit, Pursued by a Bear",Books,Young Adult,51.34,51.34,0.00,11,4,0,c65c25d990fc7025
Daredevils,Books,Fiction,16.34,16.34,0.00,11,3,0,f608c903c451f387
Cravings: Recipes for What You Want to Eat,Books,Food and Drink,20.50,20.50,0.00,11,3,0,2587c54f5530dafc
Born for This: How to Find the Work You Were Meant to Do,Books,Business,21.59,21.59,0.00,11,5,0,816180220e8cb419
Arena,Books,Science Fiction,21.36,21.36,0.00,11,4,0,2c34f9432069b52b
Adultery,Books,Default,20.88,20.88,0.00,11,5,0,bb967277222e689c
A Mother's Reckoning: Living in the Aftermath of Tragedy,Books,Nonfiction,19.53,19.53,0.00,11,3,0,2b69dec0193511d9
A Gentleman's Position (Society of Gentlemen #3),Books,Romance,14.75,14.75,0.00,11,5,0,40c4bf520c17de54
11/22/63,Books,Fiction,48.48,48.48,0.00,11,3,0,a9d7b75461084a26
"10% Happier: How I Tamed the Voice in My Head, Reduced Stress Without Losing My Edge, and Found Self-Help That Actually Works",Books,Nonfiction,24.57,24.57,0.00,10,2,0,34669b2e9d407d3a
10-Day Green Smoothie Cleanse: Lose Up to 15 Pounds in 10 Days!,Books,Health,49.71,49.71,0.00,10,5,0,96aa539bfd4c07e2
Without Shame,Books,Add a comment,48.27,48.27,0.00,9,5,0,ab60e6f5a63e1cfb
Watchmen,Books,Add a comment,58.05,58.05,0.00,9,4,0,d1848064c54e01c7
Unlimited Intuition Now,Books,Default,58.87,58.87,0.00,9,4,0,4fd0a2a350f016e6
Underlying Notes,Books,Default,11.82,11.82,0.00,9,2,0,0967effecd292a86
The Shack,Books,Fiction,28.03,28.03,0.00,9,1,0,903a9f8090104c2c
The New Brand You: Your New Image Makes the Sale for You,Books,Default,44.05,44.05,0.00,9,5,0,4b50fb1359ebf35d
"The Moosewood Cookbook: Recipes from Moosewood Restaurant, Ithaca, New York",Books,Food and Drink,12.34,12.34,0.00,9,4,0,65cfc9f242c2984a
The Flowers Lied,Books,Default,16.68,16.68,0.00,9,2,0,33396269bcce166f
"The Fabric of the Cosmos: Space, Time, and the Texture of Reality",Books,Science,55.91,55.91,0.00,9,1,0,ca74f2e3c35a3e77
The Book of Mormon,Books,Religion,24.57,24.57,0.00,9,3,0,3f25a2fedae191cc
The Art and Science of Low Carbohydrate Living,Books,Health,52.98,52.98,0.00,9,5,0,f9c87ccb2bc4853b
The Alien Club,Books,Young Adult,54.40,54.40,0.00,9,1,0,e77594ece9b9d1fe
Suzie Snowflake: One beautiful flake (a self-esteem story),Books,Novels,54.81,54.81,0.00,9,5,0,0e095ed785af7e43
Nap-a-Roo,Books,Childrens,25.08,25.08,0.00,9,1,0,913e7109cec0cb4c
"NaNo What Now? Finding your editing process, revising your NaNoWriMo book and building a writing career through publishing and beyond",Books,Default,10.41,10.41,0.00,9,4,0,ee6c67859d70186b
Modern Day Fables,Books,Default,47.44,47.44,0.00,9,2,0,6baac632f7711e26
If I Gave You God's Phone Number....: Searching for Spirituality in America,Books,Spirituality,20.91,20.91,0.00,9,1,0,8fab4c4f6f82a4ce
"Fruits Basket, Vol. 9 (Fruits Basket #9)",Books,Sequential Art,33.95,33.95,0.00,9,4,0,97187f5cf0385da3
Dress Your Family in Corduroy and Denim,Books,Humor,43.68,43.68,0.00,9,3,0,7e9068872228c474
Don't Forget Steven,Books,Young Adult,33.23,33.23,0.00,9,1,0,e845d305f64154f1
Chernobyl 01:23:40: The Incredible True Story of the World's Worst Nuclear Disaster,Books,Nonfiction,35.92,35.92,0.00,9,2,0,7186241e043de5dc
Art and Fear: Observations on the Perils (and Rewards) of Artmaking,Books,Art,48.63,48.63,0.00,9,4,0,d6d9ffea95f2f8bf
A Shard of Ice (The Black Symphony Saga #1),Books,Fantasy,56.63,56.63,0.00,9,3,0,63d5f1651880dcea
A Hero's Curse (The Unseen Chronicles #1),Books,Add a comment,50.49,50.49,0.00,9,3,0,c181ca8eabe7d18c
23 Degrees South: A Tropical Tale of Changing Whether...,Books,Add a comment,35.79,35.79,0.00,9,2,0,61cf7eb9d2cd8bb0
"Zero to One: Notes on Startups, or How to Build the Future",Books,Nonfiction,34.06,34.06,0.00,8,3,0,e77033ce559947f7
Why Not Me?,Books,Nonfiction,17.76,17.76,0.00,8,1,0,04f6c929888f4f11
When Breath Becomes Air,Books,Nonfiction,39.36,39.36,0.00,8,2,0,b69c852e7e3956af
Vagabonding: An Uncommon Guide to the Art of Long-Term World Travel,Books,Travel,36.94,36.94,0.00,8,2,0,1809259a5a5f1d8d
The Unlikely Pilgrimage of Harold Fry (Harold Fry #1),Books,Default,43.62,43.62,0.00,8,5,0,e0bdd79c7304ee8d
The New Drawing on the Right Side of the Brain,Books,Art,43.02,43.02,0.00,8,3,0,3eec766dda26fa64
"The Midnight Assassin: Panic, Scandal, and the Hunt for America's First Serial Killer",Books,Nonfiction,28.45,28.45,0.00,8,4,0,5a0d2e9284004266
The Martian (The Martian #1),Books,Default,41.39,41.39,0.00,8,2,0,9afd00e81d6208e6
The High Mountains of Portugal,Books,Fiction,51.15,51.15,0.00,8,1,0,4f283dfcbeccc0d4
The Grownup,Books,Short Stories,35.88,35.88,0.00,8,1,0,1bba4b1ba23ed2d6
The E-Myth Revisited: Why Most Small Businesses Don't Work and What to Do About It,Books,Business,36.91,36.91,0.00,8,1,0,a2308a936e898d48
South of Sunshine,Books,Young Adult,28.93,28.93,0.00,8,1,0,331c26103d885cae
Smarter Faster Better: The Secrets of Being Productive in Life and Business,Books,Nonfiction,38.89,38.89,0.00,8,5,0,a2475a245c9907c4
Silence in the Dark (Logan Point #4),Books,Suspense,58.33,58.33,0.00,8,3,0,e46a164cf310fd7d
Shadows of the Past (Logan Point #1),Books,Christian Fiction,39.67,39.67,0.00,8,5,0,bee6e93e9976f4fa
Roller Girl,Books,Sequential Art,14.10,14.10,0.00,8,5,0,aeb51dfbe8aeec59
Rising Strong,Books,Nonfiction,21.82,21.82,0.00,8,3,0,52fc458ffc756faf
Proofs of God: Classical Arguments from Tertullian to Barth,Books,Philosophy,54.21,54.21,0.00,8,1,0,d56d0710668bb39c
Please Kill Me: The Uncensored Oral History of Punk,Books,Music,31.19,31.19,0.00,8,4,0,4a823d80aa30dbb0
Out of Print: City Lights Spotlight No. 14,Books,Poetry,53.64,53.64,0.00,8,5,0,c0fc0cd215ee1724
My Life Next Door (My Life Next Door ),Books,Young Adult,36.39,36.39,0.00,8,5,0,9a7291b89bd5445c
Miller's Valley,Books,Fiction,58.54,58.54,0.00,8,2,0,bff270fe9c86a5a9
Man's Search for Meaning,Books,Nonfiction,29.48,29.48,0.00,8,3,0,4729afff3bea0f0a
"Love That Boy: What Two Presidents, Eight Road Trips, and My Son Taught Me About a Parent's Expectations",Books,Nonfiction,25.06,25.06,0.00,8,2,0,4d3a4c7b442a9a4e
Living Forward: A Proven Plan to Stop Drifting and Get the Life You Want,Books,Nonfiction,12.55,12.55,0.00,8,3,0,044534b0b28b4e87
Les Fleurs du Mal,Books,Poetry,29.04,29.04,0.00,8,5,0,c44c5e1425475206
Left Behind (Left Behind #1),Books,Default,40.72,40.72,0.00,8,2,0,29af1a2566c4e36e
Kill 'Em and Leave: Searching for James Brown and the American Soul,Books,Music,45.05,45.05,0.00,8,5,0,39eefec3a8498dde
Kierkegaard: A Christian Missionary to Christians,Books,Philosophy,47.13,47.13,0.00,8,1,0,0cf57cb49272fd37
John Vassos: Industrial Design for Modern Life,Books,Default,20.22,20.22,0.00,8,4,0,bd26e8a79a856c31
I'll Give You the Sun,Books,Default,56.48,56.48,0.00,8,1,0,0ab4b35dcffcffd1
I Will Find You,Books,Nonfiction,44.21,44.21,0.00,8,1,0,bbf1ea50be8008ab
Hystopia: A Novel,Books,Fiction,21.96,21.96,0.00,8,4,0,0bfdef63285d3019
Howl and Other Poems,Books,Poetry,40.45,40.45,0.00,8,2,0,b7870fa6dc088fbb
History of Beauty,Books,Art,10.29,10.29,0.00,8,4,0,8a150fd8ff5d7686
Heaven is for Real: A Little Boy's Astounding Story of His Trip to Heaven and Back,Books,Default,52.86,52.86,0.00,8,2,0,d48c1369927ebef1
Future Shock (Future Shock #1),Books,Young Adult,55.65,55.65,0.00,8,5,0,df6a7c43faa6732b
Ender's Game (The Ender Quintet #1),Books,Default,43.64,43.64,0.00,8,1,0,e049d44c4f1cf1b2
Diary of a Citizen Scientist: Chasing Tiger Beetles and Other New Ways of Engaging the World,Books,Science,28.41,28.41,0.00,8,1,0,0c11e2d068768dbb
Death by Leisure: A Cautionary Tale,Books,Default,37.51,37.51,0.00,8,4,0,4dbd54d9e36c9566
Brilliant Beacons: A History of the American Lighthouse,Books,History,11.45,11.45,0.00,8,3,0,7f5157bf53065d36
Brazen: The Courage to Find the You That's Been Hiding,Books,Nonfiction,19.22,19.22,0.00,8,2,0,77e9ea355bd8ae57
Between the World and Me,Books,Nonfiction,56.91,56.91,0.00,8,4,0,04e3de7ac35ec5cd
Being Mortal: Medicine and What Matters in the End,Books,Nonfiction,55.06,55.06,0.00,8,4,0,15ebd83e53d0391b
"A Murder Over a Girl: Justice, Gender, Junior High",Books,Nonfiction,13.20,13.20,0.00,8,3,0,fef91502cbacf23a
32 Yolks,Books,Food and Drink,53.63,53.63,0.00,8,2,0,b1a227b7609ff263
"""Most Blessed of the Patriarchs"": Thomas Jefferson and the Empire of the Imagination",Books,History,44.48,44.48,0.00,8,5,0,f16c2edb2a603f92
You Are a Badass: How to Stop Doubting Your Greatness and Start Living an Awesome Life,Books,Self Help,12.08,12.08,0.00,7,3,0,88ec621893e595d0
Wildlife of New York: A Five-Borough Coloring Book,Books,Default,22.14,22.14,0.00,7,2,0,b46d022080543144
What Happened on Beale Street (Secrets of the South Mysteries #2),Books,Mystery,25.37,25.37,0.00,7,5,0,9735c969c652dd89
Unreasonable Hope: Finding Faith in the God Who Brings Purpose to Your Pain,Books,Spirituality,46.33,46.33,0.00,7,2,0,48cb52d78c992487
Under the Tuscan Sun,Books,Travel,37.33,37.33,0.00,7,3,0,a94350ee74deaa07
Toddlers Are A**holes: It's Not Your Fault,Books,Humor,25.55,25.55,0.00,7,1,0,4242cc3d0437db12
The Year of Living Biblically: One Man's Humble Quest to Follow the Bible as Literally as Possible,Books,Default,34.72,34.72,0.00,7,1,0,4a0b78598b42897a
The Whale,Books,Childrens,35.96,35.96,0.00,7,4,0,0ff9d10864db8364
The Story of Art,Books,Art,41.14,41.14,0.00,7,4,0,9147c5251cc99eb1
The Origin of Species,Books,Science,10.01,10.01,0.00,7,4,0,0345872b14f9e774
The Great Gatsby,Books,Default,36.05,36.05,0.00,7,4,0,a8dbf1c6b41b885a
The Good Girl,Books,Default,49.03,49.03,0.00,7,3,0,f935412970c9f58f
The Glass Castle,Books,Add a comment,16.24,16.24,0.00,7,1,0,47f4fd3e8e1dac05
The Faith of Christopher Hitchens: The Restless Soul of the World's Most Notorious Atheist,Books,Biography,39.55,39.55,0.00,7,1,0,57f85720e54d6442
The Drowning Girls,Books,Add a comment,35.67,35.67,0.00,7,3,0,7a10353c9c54cf7c
The Constant Princess (The Tudor Court #1),Books,Historical Fiction,16.62,16.62,0.00,7,3,0,24933c712f0bca2f
The Bourne Identity (Jason Bourne #1),Books,Fiction,42.78,42.78,0.00,7,4,0,d250657f0ebc5d73
The Bachelor Girl's Guide to Murder (Herringford and Watts Mysteries #1),Books,Mystery,52.30,52.30,0.00,7,5,0,20789fb17b423c4c
The Art Book,Books,Art,32.34,32.34,0.00,7,2,0,4b8fa561a1e52d1c
The 7 Habits of Highly Effective People: Powerful Lessons in Personal Change,Books,Default,33.17,33.17,0.00,7,4,0,5fbd03b1ac0a0e69
Team of Rivals: The Political Genius of Abraham Lincoln,Books,Add a comment,20.12,20.12,0.00,7,5,0,ba047a636b7d3793
Steal Like an Artist: 10 Things Nobody Told You About Being Creative,Books,Default,20.90,20.90,0.00,7,2,0,8776181be110838a
"Sit, Stay, Love",Books,Romance,20.90,20.90,0.00,7,3,0,bd087cf6a846db75
Sister Dear,Books,Fiction,40.20,40.20,0.00,7,4,0,7ffebdd1d5148aef
"Shrunken Treasures: Literary Classics, Short, Sweet, and Silly",Books,Childrens,52.87,52.87,0.00,7,3,0,9639e89d20228e6e
"Rich Dad, Poor Dad",Books,Business,51.74,51.74,0.00,7,1,0,8486f61aa81a3daa
Raymie Nightingale,Books,Childrens,34.41,34.41,0.00,7,2,0,31c56c4d0fe19340
Playing from the Heart,Books,Childrens,32.38,32.38,0.00,7,1,0,68008abf6409dfde
Nightstruck: A Novel,Books,Young Adult,50.35,50.35,0.00,7,4,0,746029796363aa51
"Naturally Lean: 125 Nourishing Gluten-Free, Plant-Based Recipes--All Under 300 Calories",Books,Food and Drink,11.38,11.38,0.00,7,5,0,924438fc6cbec836
Meternity,Books,Womens Fiction,43.58,43.58,0.00,7,3,0,725cd8d23d78cdca
Memoirs of a Geisha,Books,Fiction,49.67,49.67,0.00,7,3,0,dac4b5847454fd9b
Like Never Before (Walker Family #2),Books,Christian Fiction,28.77,28.77,0.00,7,2,0,b6670507e85b30e6
Life of Pi,Books,Default,13.22,13.22,0.00,7,4,0,40cdcbb7692fd408
Leave This Song Behind: Teen Poetry at Its Best,Books,Poetry,51.17,51.17,0.00,7,5,0,b74ee891e2a6dd69
King's Folly (The Kinsman Chronicles #1),Books,Fantasy,39.61,39.61,0.00,7,5,0,4c82371b8cd02d4d
John Adams,Books,Add a comment,57.43,57.43,0.00,7,4,0,68407606544d6f22
How to Cook Everything Vegetarian: Simple Meatless Recipes for Great Food (How to Cook Everything),Books,Food and Drink,46.01,46.01,0.00,7,4,0,2a9fcb3382d351c8
How to Be a Domestic Goddess: Baking and the Art of Comfort Cooking,Books,Food and Drink,28.25,28.25,0.00,7,2,0,eff5710404e2ff78
Good in Bed (Cannie Shapiro #1),Books,Add a comment,37.05,37.05,0.00,7,5,0,c00bc29a678a6efb
"Fruits Basket, Vol. 7 (Fruits Basket #7)",Books,Sequential Art,19.57,19.57,0.00,7,1,0,de6d7645f192d517
For the Love: Fighting for Grace in a World of Impossible Standards,Books,Nonfiction,45.13,45.13,0.00,7,3,0,2e40333991f56f45
Finding God in the Ruins: How God Redeems Pain,Books,Nonfiction,46.64,46.64,0.00,7,2,0,4e78f06160b717ac
Every Heart a Doorway (Every Heart A Doorway #1),Books,Fantasy,12.16,12.16,0.00,7,5,0,4fa75fc6829431ca
Delivering the Truth (Quaker Midwife Mystery #1),Books,Mystery,20.89,20.89,0.00,7,4,0,4e980425468708da
Counted With the Stars (Out from Egypt #1),Books,Christian Fiction,17.97,17.97,0.00,7,5,0,4807043b8218e9ce
"Chronicles, Vol. 1",Books,Music,52.60,52.60,0.00,7,2,0,4781b6bfd6f7a2c5
Blue Like Jazz: Nonreligious Thoughts on Christian Spirituality,Books,Christian,25.77,25.77,0.00,7,1,0,a322361a37a78d3d
Benjamin Franklin: An American Life,Books,Biography,48.19,48.19,0.00,7,3,0,5b546a46a86a9d8c
"At The Existentialist CafÃ©: Freedom, Being, and apricot cocktails with: Jean-Paul Sartre, Simone de Beauvoir, Albert Camus, Martin Heidegger, Edmund Husserl, Karl Jaspers, Maurice Merleau-Ponty and others",Books,Philosophy,29.93,29.93,0.00,7,5,0,6b52904b2ab91bf6
A Summer In Europe,Books,Travel,44.34,44.34,0.00,7,2,0,cc1936a9f4e93477
A Short History of Nearly Everything,Books,History,52.40,52.40,0.00,7,5,0,6c7fa6844380f50a
A Gathering of Shadows (Shades of Magic #2),Books,Fantasy,44.81,44.81,0.00,7,4,0,d1378a0ad06ff979
The Sound Of Love,Books,Default,57.84,57.84,0.00,6,5,0,5ba3d703d1ae0c1d
The Rise and Fall of the Third Reich: A History of Nazi Germany,Books,History,39.67,39.67,0.00,6,2,0,774fa432bd7d9c47
The Perks of Being a Wallflower,Books,Default,55.02,55.02,0.00,6,3,0,fd364afd082f5446
The Mysterious Affair at Styles (Hercule Poirot #1),Books,Mystery,24.80,24.80,0.00,6,4,0,2da5edf8b5776c9a
The Man Who Mistook His Wife for a Hat and Other Clinical Tales,Books,Nonfiction,59.45,59.45,0.00,6,4,0,60376aa71be66083
The Makings of a Fatherless Child,Books,Default,31.58,31.58,0.00,6,2,0,2efa5a839e62b1bd
The Joy of Cooking,Books,Add a comment,43.27,43.27,0.00,6,4,0,d326e189b1210916
The Invention of Wings,Books,Historical Fiction,37.34,37.34,0.00,6,1,0,e6635f5b0a2c78db
The Hobbit (Middle-Earth Universe),Books,Default,17.80,17.80,0.00,6,5,0,72b5355dda190b6a
The Great Railway Bazaar,Books,Travel,30.54,30.54,0.00,6,1,0,48736df57e7bec9f
The Golden Compass (His Dark Materials #1),Books,Add a comment,18.77,18.77,0.00,6,1,0,d33824cb93ecab6f
The God Delusion,Books,Add a comment,46.85,46.85,0.00,6,3,0,2bc80eba94950873
The Girl You Left Behind (The Girl You Left Behind #1),Books,Historical,15.79,15.79,0.00,6,1,0,eb7459e0c570251d
The Fellowship of the Ring (The Lord of the Rings #1),Books,Default,10.27,10.27,0.00,6,2,0,cb17945cb90b7837
The Collected Poems of W.B. Yeats (The Collected Works of W.B. Yeats #1),Books,Poetry,15.42,15.42,0.00,6,5,0,3d250ab0f12be445
The Barefoot Contessa Cookbook,Books,Food and Drink,59.92,59.92,0.00,6,5,0,6478ccb4416e6a5d
Tell the Wolves I'm Home,Books,Young Adult,50.96,50.96,0.00,6,2,0,2a1b3d967cda1da2
Ship Leaves Harbor: Essays on Travel by a Recovering Journeyman,Books,Default,30.60,30.60,0.00,6,3,0,8d8e9f9b8730eb25
Pride and Prejudice,Books,Add a comment,19.27,19.27,0.00,6,4,0,720c36b2bee4692e
Musicophilia: Tales of Music and the Brain,Books,Default,46.58,46.58,0.00,6,1,0,6d235933670503d9
Mere Christianity,Books,Add a comment,48.51,48.51,0.00,6,3,0,f38f37ed934d84b2
Me Before You (Me Before You #1),Books,Fiction,19.02,19.02,0.00,6,1,0,7a2b51f69e81c722
In the Woods (Dublin Murder Squad #1),Books,Mystery,38.38,38.38,0.00,6,2,0,6958de044cb28a84
In Cold Blood,Books,Nonfiction,49.98,49.98,0.00,6,4,0,fe0f34ebed689381
How to Stop Worrying and Start Living,Books,Self Help,46.49,46.49,0.00,6,5,0,e792c0969cefe1b8
Give It Back,Books,Thriller,18.32,18.32,0.00,6,2,0,012170e4fc87ace0
"Girl, Interrupted",Books,Nonfiction,42.14,42.14,0.00,6,3,0,384c7d41d5ffe9d1
Fun Home: A Family Tragicomic,Books,Add a comment,56.59,56.59,0.00,6,4,0,56a34d0cec11d6b0
"Fruits Basket, Vol. 6 (Fruits Basket #6)",Books,Sequential Art,20.96,20.96,0.00,6,4,0,97258f576d4bb672
Deception Point,Books,Fiction,40.32,40.32,0.00,6,4,0,4e3b183180e2a992
"Death Note, Vol. 6: Give-and-Take (Death Note #6)",Books,Sequential Art,36.39,36.39,0.00,6,3,0,6e06d0f00f6da20f
Catherine the Great: Portrait of a Woman,Books,History,58.55,58.55,0.00,6,4,0,f3c70d296ec796c4
Better Homes and Gardens New Cook Book,Books,Food and Drink,39.61,39.61,0.00,6,3,0,faf841f81c52638b
An Unquiet Mind: A Memoir of Moods and Madness,Books,Psychology,21.30,21.30,0.00,6,3,0,46cb43c2ab133ccc
A Year in Provence (Provence #1),Books,Travel,56.88,56.88,0.00,6,4,0,9e60929f521fa280
World Without End (The Pillars of the Earth #2),Books,Historical Fiction,32.97,32.97,0.00,5,4,0,2e5b4ff08a75fd02
"Will Grayson, Will Grayson (Will Grayson, Will Grayson)",Books,Young Adult,47.31,47.31,0.00,5,4,0,e75f3ae1da1cc652
Why Save the Bankers?: And Other Essays on Our Economic and Political Crisis,Books,Nonfiction,48.67,48.67,0.00,5,2,0,759ee7d059b1beb8
Where She Went (If I Stay #2),Books,Young Adult,41.73,41.73,0.00,5,4,0,60369d96b7b80869
What If?: Serious Scientific Answers to Absurd Hypothetical Questions,Books,Default,53.68,53.68,0.00,5,4,0,163d89116179c33f
Two Summers,Books,Young Adult,14.64,14.64,0.00,5,1,0,3a7d54a264d9f33e
This Is Your Brain on Music: The Science of a Human Obsession,Books,Music,38.40,38.40,0.00,5,1,0,bc209a900101f28d
The Secret Garden,Books,Classics,15.08,15.08,0.00,5,4,0,abbb492978ff656d
The Raven King (The Raven Cycle #4),Books,Add a comment,30.57,30.57,0.00,5,2,0,2e4fc5eacceec12c
The Raven Boys (The Raven Cycle #1),Books,Fantasy,57.74,57.74,0.00,5,4,0,e0b3a679b83caccc
The Power Greens Cookbook: 140 Delicious Superfood Recipes,Books,Food and Drink,11.05,11.05,0.00,5,5,0,f701fae56b645ef7
The Metamorphosis,Books,Classics,28.58,28.58,0.00,5,1,0,93379e3a2072a01b
The Mathews Men: Seven Brothers and the War Against Hitler's U-boats,Books,History,42.91,42.91,0.00,5,5,0,0d210d2448c3018f
The Little Paris Bookshop,Books,Fiction,24.73,24.73,0.00,5,3,0,dfd9ff1f343cdaff
The Hiding Place,Books,History,55.91,55.91,0.00,5,4,0,c4589ee5977a47be
The Grand Design,Books,Science,13.76,13.76,0.00,5,3,0,3213b1f13f5f0f7c
The Firm,Books,Fiction,45.56,45.56,0.00,5,3,0,ad84f18659e6bfe2
The Fault in Our Stars,Books,Default,47.22,47.22,0.00,5,1,0,3661360c99719414
The False Prince (The Ascendance Trilogy #1),Books,Fantasy,56.00,56.00,0.00,5,5,0,a2a9f76339d21ab1
The Expatriates,Books,Fiction,44.58,44.58,0.00,5,2,0,fe7210553d56c097
The Dream Thieves (The Raven Cycle #2),Books,Default,34.50,34.50,0.00,5,1,0,fec06f52054ea900
The Darkest Corners,Books,Young Adult,11.33,11.33,0.00,5,5,0,c4182bdb53e2459a
The Crossover,Books,Poetry,38.77,38.77,0.00,5,4,0,b228042c088b1913
The 5th Wave (The 5th Wave #1),Books,Default,11.83,11.83,0.00,5,2,0,b716233fcb6877e6
Tell the Wind and Fire,Books,Fantasy,45.51,45.51,0.00,5,3,0,84126312e2431a09
Tell Me Three Things,Books,Young Adult,41.81,41.81,0.00,5,1,0,50d5a7b861ed1c54
Talking to Girls About Duran Duran: One Young Man's Quest for True Love and a Cooler Haircut,Books,Nonfiction,25.15,25.15,0.00,5,4,0,1dba84766a5e87b8
Siddhartha,Books,Fiction,34.22,34.22,0.00,5,5,0,84bb29c53592ac40
Shiver (The Wolves of Mercy Falls #1),Books,Default,16.23,16.23,0.00,5,5,0,59a8ae019b64f2a7
Remember Me?,Books,Default,11.48,11.48,0.00,5,3,0,2973d38c2fbd7a5c
Red Dragon (Hannibal Lecter #1),Books,Horror,23.37,23.37,0.00,5,3,0,e958ae92f328c181
Peak: Secrets from the New Science of Expertise,Books,Science,16.28,16.28,0.00,5,2,0,6036239d2ab349b7
My Mother Was Nuts,Books,Nonfiction,31.63,31.63,0.00,5,4,0,a4ce39a3720cd679
Mexican Today: New and Rediscovered Recipes for Contemporary Kitchens,Books,Food and Drink,24.91,24.91,0.00,5,5,0,12a90b90283b2e6d
Maybe Something Beautiful: How Art Transformed a Neighborhood,Books,Childrens,22.54,22.54,0.00,5,1,0,81c68492ccd72941
Lola and the Boy Next Door (Anna and the French Kiss #2),Books,Young Adult,23.63,23.63,0.00,5,4,0,5e1a88d248599768
Logan Kade (Fallen Crest High #5.5),Books,Academic,13.12,13.12,0.00,5,2,0,7093cf549cd2e7de
Last One Home (New Beginnings #1),Books,Fiction,59.98,59.98,0.00,5,3,0,07e6810fd3236bda
Killing Floor (Jack Reacher #1),Books,Thriller,31.49,31.49,0.00,5,4,0,8dde2ff3f6fcc0a3
Kill the Boy Band,Books,Young Adult,15.52,15.52,0.00,5,5,0,44f545727e704187
Isla and the Happily Ever After (Anna and the French Kiss #3),Books,Young Adult,48.13,48.13,0.00,5,5,0,45045146dbf7b009
If I Stay (If I Stay #1),Books,Default,38.13,38.13,0.00,5,5,0,7284d85428305f5a
I Know Why the Caged Bird Sings (Maya Angelou's Autobiography #1),Books,Default,36.55,36.55,0.00,5,2,0,d219d4e325e6f204
Harry Potter and the Deathly Hallows (Harry Potter #7),Books,Default,23.32,23.32,0.00,5,1,0,6c49258724f11770
"Fruits Basket, Vol. 5 (Fruits Basket #5)",Books,Sequential Art,16.33,16.33,0.00,5,1,0,3fd83dcf37bf1bc0
Foundation (Foundation (Publication Order) #1),Books,Science Fiction,32.42,32.42,0.00,5,1,0,3fc124f59f3068e4
Fool Me Once,Books,Default,16.96,16.96,0.00,5,1,0,630e766f0a1987dd
Find Her (Detective D.D. Warren #8),Books,Add a comment,22.37,22.37,0.00,5,1,0,b28c7d07afa7063b
Evicted: Poverty and Profit in the American City,Books,Add a comment,42.27,42.27,0.00,5,1,0,75cc85cdbe9ad46b
Drama,Books,Default,38.70,38.70,0.00,5,2,0,d5ad4c92d8bf26c9
Dracula the Un-Dead,Books,Horror,35.63,35.63,0.00,5,5,0,e46b1074b99ac4b6
Digital Fortress,Books,Fiction,58.00,58.00,0.00,5,5,0,94bb629a3f6dd00b
"Death Note, Vol. 5: Whiteout (Death Note #5)",Books,Sequential Art,52.41,52.41,0.00,5,1,0,1c0a38899c82b60a
"Data, A Love Story: How I Gamed Online Dating to Meet My Match",Books,Nonfiction,32.35,32.35,0.00,5,3,0,bcf567421c581f0a
Critique of Pure Reason,Books,Philosophy,20.75,20.75,0.00,5,1,0,429b4a811bef386c
Booked,Books,Poetry,17.49,17.49,0.00,5,5,0,b54d7416bb445989
"Blue Lily, Lily Blue (The Raven Cycle #3)",Books,Default,34.13,34.13,0.00,5,5,0,ad5e078beceaeb4a
Approval Junkie: Adventures in Caring Too Much,Books,Autobiography,58.81,58.81,0.00,5,5,0,612369a5947a012e
An Abundance of Katherines,Books,Young Adult,10.00,10.00,0.00,5,5,0,f36d24c309e87e5b
America's War for the Greater Middle East: A Military History,Books,History,51.22,51.22,0.00,5,2,0,add33db6ff80db24
Alight (The Generations Trilogy #2),Books,Default,58.59,58.59,0.00,5,4,0,d9290e99f189ce84
A Girl's Guide to Moving On (New Beginnings #2),Books,Romance,31.30,31.30,0.00,5,1,0,cf3b86489890b9f2
A Game of Thrones (A Song of Ice and Fire #1),Books,Add a comment,46.42,46.42,0.00,5,2,0,03cbb67c0f990d87
A Feast for Crows (A Song of Ice and Fire #4),Books,Fantasy,17.21,17.21,0.00,5,4,0,f2c8f4b4c94d5c5c
A Clash of Kings (A Song of Ice and Fire #2),Books,Add a comment,10.79,10.79,0.00,5,3,0,89a89e76f3516357
Vogue Colors A to Z: A Fashion Coloring Book,Books,Default,52.35,52.35,0.00,4,4,0,a8f4577a48023344
The Shining (The Shining #1),Books,Default,27.88,27.88,0.00,4,3,0,d4de23aa98acc65b
The Pilgrim's Progress,Books,Classics,50.26,50.26,0.00,4,2,0,6053ddf69c967d5f
The Perfect Play (Play by Play #1),Books,Romance,59.99,59.99,0.00,4,3,0,9cc207168a03470d
The Passion of Dolssa,Books,Historical Fiction,28.32,28.32,0.00,4,5,0,011674f4a3834b8d
The Jazz of Physics: The Secret Link Between Music and the Structure of the Universe,Books,Nonfiction,38.71,38.71,0.00,4,3,0,6a57286a8890d8c5
The Hunger Games (The Hunger Games #1),Books,Default,29.85,29.85,0.00,4,5,0,6d2f70d9424f41a1
The Hound of the Baskervilles (Sherlock Holmes #5),Books,Classics,14.82,14.82,0.00,4,2,0,6587f46697fc4443
The Gunning of America: Business and the Making of American Gun Culture,Books,Nonfiction,16.81,16.81,0.00,4,4,0,45033bdf3d9ed158
The Geography of Bliss: One Grump's Search for the Happiest Places in the World,Books,Nonfiction,28.23,28.23,0.00,4,2,0,c65ee14957c0fa5c
The Demonists (Demonist #1),Books,Fantasy,52.11,52.11,0.00,4,2,0,ff2dffba388d9922
"The Demon Prince of Momochi House, Vol. 4 (The Demon Prince of Momochi House #4)",Books,Sequential Art,27.88,27.88,0.00,4,2,0,df53c2948b32bde3
The Bone Hunters (Lexy Vaughan & Steven Macaulay #2),Books,Thriller,59.71,59.71,0.00,4,3,0,9c4d061c1e2fe6bf
The Beast (Black Dagger Brotherhood #14),Books,Fantasy,46.08,46.08,0.00,4,5,0,8930013d06942df1
Some Women,Books,Womens Fiction,13.73,13.73,0.00,4,5,0,31f5bbf4974d29c9
Shopaholic Ties the Knot (Shopaholic #3),Books,Womens Fiction,48.39,48.39,0.00,4,5,0,38199c5d7da0c0ef
Paper and Fire (The Great Library #2),Books,Fantasy,49.45,49.45,0.00,4,5,0,ae884ac655d6ee3e
Outlander (Outlander #1),Books,Default,19.67,19.67,0.00,4,5,0,5de4baa88061a77a
"Orchestra of Exiles: The Story of Bronislaw Huberman, the Israel Philharmonic, and the One Thousand Jews He Saved from Nazi Horrors",Books,Music,12.36,12.36,0.00,4,3,0,2ba5ccc84d35006c
No One Here Gets Out Alive,Books,Music,20.02,20.02,0.00,4,5,0,3a95f5a2df4ff921
Night Shift (Night Shift #1-20),Books,Horror,12.75,12.75,0.00,4,4,0,869d20b3b8128230
Needful Things,Books,Horror,47.51,47.51,0.00,4,4,0,70b585c9d0f15725
Mockingjay (The Hunger Games #3),Books,Default,20.44,20.44,0.00,4,4,0,5212c6acea3359e5
Misery,Books,Horror,34.79,34.79,0.00,4,2,0,81d4191030b9704b
Little Women (Little Women #1),Books,Classics,28.07,28.07,0.00,4,4,0,deda806b68b0aa11
It,Books,Horror,25.01,25.01,0.00,4,3,0,670a2773607d785d
Harry Potter and the Sorcerer's Stone (Harry Potter #1),Books,Default,13.90,13.90,0.00,4,3,0,ac337893a9fe0085
Harry Potter and the Prisoner of Azkaban (Harry Potter #3),Books,Young Adult,24.17,24.17,0.00,4,4,0,eff24325e0ede639
Harry Potter and the Order of the Phoenix (Harry Potter #5),Books,Fantasy,31.63,31.63,0.00,4,4,0,5a6b7155f2797537
Harry Potter and the Half-Blood Prince (Harry Potter #6),Books,Fantasy,48.75,48.75,0.00,4,5,0,73f4f87dd936ee5c
Harry Potter and the Chamber of Secrets (Harry Potter #2),Books,Fantasy,14.74,14.74,0.00,4,1,0,c7c4f55b7321cba7
Gone with the Wind,Books,Classics,32.49,32.49,0.00,4,3,0,23310ce84d3c9f85
God Is Not Great: How Religion Poisons Everything,Books,Nonfiction,27.80,27.80,0.00,4,1,0,ddbc5530d2939d49
Girl With a Pearl Earring,Books,Historical Fiction,26.77,26.77,0.00,4,1,0,5eff05e59f905a49
"Fruits Basket, Vol. 4 (Fruits Basket #4)",Books,Sequential Art,50.44,50.44,0.00,4,4,0,8fff1084aa085a13
Far From True (Promise Falls Trilogy #2),Books,Thriller,34.93,34.93,0.00,4,2,0,ad15a9a139919918
Dark Lover (Black Dagger Brotherhood #1),Books,Romance,12.87,12.87,0.00,4,1,0,2b69d289279aabfd
Confessions of a Shopaholic (Shopaholic #1),Books,Default,48.94,48.94,0.00,4,2,0,a2dc754afb69bb32
Changing the Game (Play by Play #2),Books,Romance,13.38,13.38,0.00,4,3,0,aaebac5fda798b1b
Candide,Books,Classics,58.63,58.63,0.00,4,3,0,2798974abc8a58a8
Can You Keep a Secret?,Books,Womens Fiction,21.94,21.94,0.00,4,1,0,0812f54c93d726ce
Atlas Shrugged,Books,Fiction,26.58,26.58,0.00,4,5,0,78a4ac98191ac675
Animal Farm,Books,Classics,57.22,57.22,0.00,4,3,0,1451b55e5e56bb89
A Walk to Remember,Books,Romance,56.43,56.43,0.00,4,1,0,aead11697d14ea36
A New Earth: Awakening to Your Life's Purpose,Books,Spirituality,55.65,55.65,0.00,4,5,0,f6ae39568db1130e
"A History of God: The 4,000-Year Quest of Judaism, Christianity, and Islam",Books,Religion,27.62,27.62,0.00,4,1,0,d12ca4020c2f602e
'Salem's Lot,Books,Horror,49.56,49.56,0.00,4,4,0,6e9403f00acd6752
Zero History (Blue Ant #3),Books,Default,34.77,34.77,0.00,3,1,0,634b7165c96ebb9f
Wuthering Heights,Books,Classics,17.73,17.73,0.00,3,3,0,5a7ff9aaa3168878
World War Z: An Oral History of the Zombie War,Books,Default,21.80,21.80,0.00,3,1,0,5d55202da0252627
Wild: From Lost to Found on the Pacific Crest Trail,Books,Default,46.02,46.02,0.00,3,3,0,d30b9215c72cca87
"Where'd You Go, Bernadette",Books,Default,18.13,18.13,0.00,3,1,0,07bb35158d9dd3d2
When You Are Engulfed in Flames,Books,Humor,30.89,30.89,0.00,3,5,0,dab0196cd5fc8e5e
We the People: The Modern-Day Figures Who Have Reshaped and Affirmed the Founding Fathers' Vision of America,Books,Nonfiction,31.95,31.95,0.00,3,3,0,06bab964fd536971
We Are All Completely Beside Ourselves,Books,Contemporary,24.04,24.04,0.00,3,1,0,be3db344a845580b
Walk the Edge (Thunder Road #2),Books,Young Adult,32.36,32.36,0.00,3,3,0,0e4e2d31c2fb3aad
Voyager (Outlander #3),Books,Historical Fiction,21.07,21.07,0.00,3,5,0,7feac4000cbc5859
Very Good Lives: The Fringe Benefits of Failure and the Importance of Imagination,Books,Nonfiction,50.66,50.66,0.00,3,3,0,52aa3d79b1cee455
Vegan Vegetarian Omnivore: Dinner for Everyone at the Table,Books,Food and Drink,13.66,13.66,0.00,3,2,0,4672d10b9b1e7a05
"Unstuffed: Decluttering Your Home, Mind, and Soul",Books,Nonfiction,58.09,58.09,0.00,3,1,0,b830685072fa871f
Under the Banner of Heaven: A Story of Violent Faith,Books,Nonfiction,30.00,30.00,0.00,3,1,0,599a4f98bb193368
Two Boys Kissing,Books,Young Adult,32.74,32.74,0.00,3,2,0,61bc8167c9680283
Twilight (Twilight #1),Books,Default,41.93,41.93,0.00,3,2,0,b53078de0147f6bf
Twenties Girl,Books,Womens Fiction,42.80,42.80,0.00,3,2,0,8ebad30219b8679c
"Trespassing Across America: One Man's Epic, Never-Done-Before (and Sort of Illegal) Hike Across the Heartland",Books,Nonfiction,53.51,53.51,0.00,3,1,0,2173a2ce35f6ace1
Three-Martini Lunch,Books,Fiction,23.21,23.21,0.00,3,3,0,57f755143ee96fd4
"Thinking, Fast and Slow",Books,Psychology,21.14,21.14,0.00,3,1,0,719d72f3ee512dc6
The Wild Robot,Books,Childrens,56.07,56.07,0.00,3,3,0,75fed6a47f69859d
"The Wicked + The Divine, Vol. 3: Commercial Suicide (The Wicked + The Divine)",Books,Sequential Art,14.41,14.41,0.00,3,3,0,a33ed2e6068df53e
The Undomestic Goddess,Books,Womens Fiction,45.75,45.75,0.00,3,4,0,813cff2aefa5d1f0
The Travelers,Books,Thriller,15.77,15.77,0.00,3,1,0,2b685187f55c5d31
The Tipping Point: How Little Things Can Make a Big Difference,Books,Add a comment,10.02,10.02,0.00,3,2,0,224fa77d4b248046
The Thing About Jellyfish,Books,Childrens,48.77,48.77,0.00,3,1,0,3d15714d4d3d15dd
The Stand,Books,Horror,57.86,57.86,0.00,3,2,0,49f24193f0b961e6
The Smitten Kitchen Cookbook,Books,Food and Drink,23.59,23.59,0.00,3,1,0,742702d662a71410
The Silkworm (Cormoran Strike #2),Books,Mystery,23.05,23.05,0.00,3,5,0,f06039c29b5891fa
"The Sandman, Vol. 3: Dream Country (The Sandman (volumes) #3)",Books,Sequential Art,55.55,55.55,0.00,3,5,0,91eb9605998a7c03
The Rose & the Dagger (The Wrath and the Dawn #2),Books,Fantasy,58.64,58.64,0.00,3,4,0,322a9e34d87f54b1
The Road to Little Dribbling: Adventures of an American in Britain (Notes From a Small Island #2),Books,Travel,23.21,23.21,0.00,3,1,0,366a236aa1ea6f07
The Rise of Theodore Roosevelt (Theodore Roosevelt #1),Books,Biography,42.57,42.57,0.00,3,3,0,1a5044d233936b1a
The Restaurant at the End of the Universe (Hitchhiker's Guide to the Galaxy #2),Books,Science Fiction,10.92,10.92,0.00,3,1,0,0e92ccf1bd39e68f
The Rest Is Noise: Listening to the Twentieth Century,Books,Add a comment,34.77,34.77,0.00,3,1,0,e2d47e82c50d41d9
The Red Tent,Books,Historical Fiction,35.66,35.66,0.00,3,5,0,3c456328b04a8ee8
The Purpose Driven Life: What on Earth Am I Here for?,Books,Add a comment,37.19,37.19,0.00,3,3,0,0e7beedf0ee9380c
The Purest Hook (Second Circle Tattoos #3),Books,Romance,12.25,12.25,0.00,3,1,0,969f6c7e86554814
The Picture of Dorian Gray,Books,Classics,29.70,29.70,0.00,3,2,0,b9f6305a3d650e2c
The Paris Wife,Books,Default,36.80,36.80,0.00,3,3,0,fa26798728f5208f
The Obsession,Books,Romance,45.43,45.43,0.00,3,1,0,ee441c8e027caa66
The Nightingale,Books,Fiction,26.26,26.26,0.00,3,4,0,29d6d87f3418638b
The New Guy (and Other Senior Year Distractions),Books,Young Adult,44.92,44.92,0.00,3,3,0,3e42ac0f4d43320f
The Nanny Diaries (Nanny #1),Books,Womens Fiction,52.53,52.53,0.00,3,5,0,6263c1d2997b8ce0
The Name of God is Mercy,Books,Nonfiction,37.25,37.25,0.00,3,2,0,0baf71623648413a
The Maze Runner (The Maze Runner #1),Books,Default,20.93,20.93,0.00,3,1,0,4266f48a0aa1c37d
The Lover's Dictionary,Books,Default,58.09,58.09,0.00,3,2,0,36c15687f5ab0f7c
The Lonely Ones,Books,Childrens,43.59,43.59,0.00,3,5,0,cf2f27fdf94ba20e
The Lean Startup: How Today's Entrepreneurs Use Continuous Innovation to Create Radically Successful Businesses,Books,Business,33.92,33.92,0.00,3,3,0,70c7c3ca7f9b2728
The Last Painting of Sara de Vos,Books,Historical Fiction,55.55,55.55,0.00,3,2,0,476c7972e9b41891
"The Land of 10,000 Madonnas",Books,Young Adult,29.64,29.64,0.00,3,4,0,35e69a79d2b1e804
The Infinities,Books,Fiction,27.41,27.41,0.00,3,1,0,554e9e2d532b3a87
The Husband's Secret,Books,Fiction,52.51,52.51,0.00,3,5,0,ff6bb30dd0c482a6
The Hitchhiker's Guide to the Galaxy (Hitchhiker's Guide to the Galaxy #1),Books,Add a comment,47.80,47.80,0.00,3,3,0,a8b0ea6490bc818f
The Guns of August,Books,History,14.54,14.54,0.00,3,2,0,b5da59dd177eb36b
The Guernsey Literary and Potato Peel Pie Society,Books,Historical Fiction,49.53,49.53,0.00,3,1,0,4a0a276409968a73
The Goldfinch,Books,Default,43.58,43.58,0.00,3,3,0,c88422d8959260ab
The Giver (The Giver Quartet #1),Books,Default,12.30,12.30,0.00,3,1,0,e2dac1f4739e0bd5
The Girl with All the Gifts,Books,Horror,49.47,49.47,0.00,3,3,0,92dcc54a27107a37
The Girl Who Played with Fire (Millennium Trilogy #2),Books,Default,22.14,22.14,0.00,3,2,0,bfa9cb304075d3e8
The Girl Who Kicked the Hornet's Nest (Millennium Trilogy #3),Books,Add a comment,57.48,57.48,0.00,3,1,0,8f5d16a5a9bd58b2
The Exiled,Books,Mystery,43.45,43.45,0.00,3,3,0,dd003e904727281a
"The End of Faith: Religion, Terror, and the Future of Reason",Books,Add a comment,22.13,22.13,0.00,3,4,0,b3f2bc2cefb35f05
"The Elegant Universe: Superstrings, Hidden Dimensions, and the Quest for the Ultimate Theory",Books,Science,13.03,13.03,0.00,3,4,0,c6bf14cb901c63ac
"The Disappearing Spoon: And Other True Tales of Madness, Love, and the History of the World from the Periodic Table of the Elements",Books,Science,57.35,57.35,0.00,3,5,0,63c0826ef59eae66
The Devil Wears Prada (The Devil Wears Prada #1),Books,Womens Fiction,44.29,44.29,0.00,3,1,0,a6ab0cb7106a67f2
The Demon-Haunted World: Science as a Candle in the Dark,Books,Default,52.25,52.25,0.00,3,4,0,f51062bf579507d9
The Day the Crayons Came Home (Crayons),Books,Childrens,26.33,26.33,0.00,3,5,0,b22362b434e8ee62
The Da Vinci Code (Robert Langdon #2),Books,Fiction,22.96,22.96,0.00,3,2,0,dabf11918b48b40c
The Cuckoo's Calling (Cormoran Strike #1),Books,Mystery,19.21,19.21,0.00,3,1,0,1be6d3b121865edb
The Complete Stories and Poems (The Works of Edgar Allan Poe [Cameo Edition]),Books,Classics,26.78,26.78,0.00,3,4,0,cad70d6ffd53912f
The Complete Poems,Books,Add a comment,41.32,41.32,0.00,3,5,0,23707d3ddf14a999
The Catcher in the Rye,Books,Add a comment,24.55,24.55,0.00,3,1,0,487449f4f6322f0f
The Cat in the Hat (Beginner Books B-1),Books,Childrens,16.26,16.26,0.00,3,2,0,b7f475238ed50429
The Case for Christ (Cases for Christianity),Books,Add a comment,47.84,47.84,0.00,3,1,0,970bd3316219e7dc
The Book Thief,Books,Default,53.49,53.49,0.00,3,2,0,a75e274c8814b539
The Book of Basketball: The NBA According to The Sports Guy,Books,Sports and Games,44.84,44.84,0.00,3,5,0,08decd9664e5d56e
The Blind Side: Evolution of a Game,Books,Add a comment,53.71,53.71,0.00,3,5,0,cd3dcd83bb002e78
The Autobiography of Malcolm X,Books,Default,23.43,23.43,0.00,3,2,0,b04a6a0db525857d
"The Art of Simple Food: Notes, Lessons, and Recipes from a Delicious Revolution",Books,Food and Drink,34.32,34.32,0.00,3,3,0,311634df10651e05
The Art of Fielding,Books,Fiction,22.10,22.10,0.00,3,1,0,2858ac90c4758e1f
"Surely You're Joking, Mr. Feynman!: Adventures of a Curious Character",Books,Science,25.83,25.83,0.00,3,2,0,61002f3b7ba5d780
Stiff: The Curious Lives of Human Cadavers,Books,Nonfiction,36.74,36.74,0.00,3,3,0,a11ae5f07572ef49
Spilled Milk: Based on a True Story,Books,Nonfiction,49.51,49.51,0.00,3,1,0,f08667e4c0458f37
Something Borrowed (Darcy & Rachel #1),Books,Womens Fiction,48.96,48.96,0.00,3,5,0,ac27ab4bcd9c492e
Something Blue (Darcy & Rachel #2),Books,Womens Fiction,54.62,54.62,0.00,3,1,0,3fc9d51d1c4d6ba7
Soldier (Talon #3),Books,Fantasy,24.72,24.72,0.00,3,2,0,feaaae90514eb2ac
Shopaholic & Baby (Shopaholic #5),Books,Default,46.45,46.45,0.00,3,2,0,c57d3c96af23c297
Seven Days in the Art World,Books,Add a comment,52.33,52.33,0.00,3,2,0,07806456878931bc
Seven Brief Lessons on Physics,Books,Science,30.60,30.60,0.00,3,4,0,281a244ce1954711
Scarlet (The Lunar Chronicles #2),Books,Young Adult,14.57,14.57,0.00,3,4,0,510832818edb6fbc
Sarah's Key,Books,Add a comment,46.29,46.29,0.00,3,1,0,5b2cd5b31a510848
"Saga, Volume 3 (Saga (Collected Editions) #3)",Books,Sequential Art,21.57,21.57,0.00,3,5,0,7b870bf85d01c2dc
Running with Scissors,Books,Autobiography,12.91,12.91,0.00,3,4,0,28921443f052bea6
Rogue Lawyer (Rogue Lawyer #1),Books,Add a comment,50.11,50.11,0.00,3,3,0,b4f5672f68ec3a83
"Rise of the Rocket Girls: The Women Who Propelled Us, from Missiles to the Moon to Mars",Books,Nonfiction,41.67,41.67,0.00,3,4,0,89cad3f37c9ce226
Rework,Books,Business,44.88,44.88,0.00,3,2,0,8e9dd8431170c09e
Reservations for Two,Books,Romance,11.10,11.10,0.00,3,3,0,ecdf73ee66c33b17
Red: The True Story of Red Riding Hood,Books,Childrens,28.54,28.54,0.00,3,3,0,4c8ece50736f9e88
Ready Player One,Books,Science Fiction,19.07,19.07,0.00,3,4,0,2ef5dc7e278e562a
Quiet: The Power of Introverts in a World That Can't Stop Talking,Books,Default,43.55,43.55,0.00,3,1,0,3c565df219ba3274
Prodigy: The Graphic Novel (Legend: The Graphic Novel #2),Books,Sequential Art,43.63,43.63,0.00,3,3,0,9707989a439757b4
Persepolis: The Story of a Childhood (Persepolis #1-2),Books,Sequential Art,39.13,39.13,0.00,3,1,0,cb62418129b864a3
Packing for Mars: The Curious Science of Life in the Void,Books,Default,56.68,56.68,0.00,3,2,0,8e2dfd6bcf48e1e6
Outliers: The Story of Success,Books,Nonfiction,14.16,14.16,0.00,3,1,0,09a7b0b566ad6225
Original Fake,Books,Sequential Art,31.45,31.45,0.00,3,3,0,c59283b05905c853
Orange Is the New Black,Books,Default,24.61,24.61,0.00,3,2,0,8378c899988905ee
One for the Money (Stephanie Plum #1),Books,Default,32.87,32.87,0.00,3,2,0,3250650a5c4e6f07
Notes from a Small Island (Notes From a Small Island #1),Books,Nonfiction,40.17,40.17,0.00,3,1,0,cb65e49993db9a93
Night (The Night Trilogy #1),Books,Nonfiction,13.51,13.51,0.00,3,1,0,c4d9fce9eff3b8ba
Neither Here nor There: Travels in Europe,Books,Travel,38.95,38.95,0.00,3,3,0,747cf7fca2ccdbd4
Naked,Books,Humor,31.69,31.69,0.00,3,3,0,54aeeb4610d3ae08
Morning Star (Red Rising #3),Books,Default,29.40,29.40,0.00,3,1,0,7ce5a92baabb6bc0
"Miracles from Heaven: A Little Girl, Her Journey to Heaven, and Her Amazing Story of Healing",Books,Nonfiction,57.83,57.83,0.00,3,1,0,7980fa06f2b704d8
Midnight Riot (Peter Grant/ Rivers of London - books #1),Books,Fantasy,55.46,55.46,0.00,3,2,0,e9056f9b5a40a301
Me Talk Pretty One Day,Books,Autobiography,57.60,57.60,0.00,3,2,0,abc4a7ee16c21088
Manuscript Found in Accra,Books,Add a comment,34.98,34.98,0.00,3,2,0,546da23278482b0a
Lust & Wonder,Books,Autobiography,11.87,11.87,0.00,3,2,0,0dcadb06206abd3c
Lila (Gilead #3),Books,Fiction,12.47,12.47,0.00,3,3,0,4ef75307fb64e2ad
"Life, the Universe and Everything (Hitchhiker's Guide to the Galaxy #3)",Books,Science Fiction,33.26,33.26,0.00,3,2,0,4b3f4f151c99f472
Life Without a Recipe,Books,Autobiography,59.04,59.04,0.00,3,5,0,c53d9fefcda371e9
Life After Life,Books,Default,26.13,26.13,0.00,3,2,0,4ec53ff7e2263f32
Letter to a Christian Nation,Books,Nonfiction,22.20,22.20,0.00,3,1,0,1de75f05d57bfc10
Let's Pretend This Never Happened: A Mostly True Memoir,Books,Nonfiction,45.11,45.11,0.00,3,1,0,1246e4ffeb5ac4ea
Legend (Legend #1),Books,Young Adult,43.69,43.69,0.00,3,4,0,0ce8075fab4a2b5b
"Lean In: Women, Work, and the Will to Lead",Books,Default,25.02,25.02,0.00,3,1,0,d5e1a9bfe22bbf9f
"Lamb: The Gospel According to Biff, Christ's Childhood Pal",Books,Humor,55.50,55.50,0.00,3,5,0,190fbebbf798c31a
Lady Renegades (Rebel Belle #3),Books,Young Adult,53.04,53.04,0.00,3,5,0,16e843e6b853cc2f
Jurassic Park (Jurassic Park #1),Books,Fiction,44.97,44.97,0.00,3,1,0,a0dd11f6abc421ec
It's Never Too Late to Begin Again: Discovering Creativity and Meaning at Midlife and Beyond,Books,Nonfiction,42.38,42.38,0.00,3,1,0,d4a29356fc992879
Is Everyone Hanging Out Without Me? (And Other Concerns),Books,Default,20.11,20.11,0.00,3,3,0,034829ffdd0a0aea
Into the Wild,Books,Nonfiction,56.70,56.70,0.00,3,5,0,a7c3f1010d64799a
Inferno (Robert Langdon #4),Books,Fiction,41.00,41.00,0.00,3,5,0,6c4646d90b60a56c
"In the Garden of Beasts: Love, Terror, and an American Family in Hitler's Berlin",Books,Nonfiction,28.85,28.85,0.00,3,3,0,d8292cd5f1aca291
If I Run (If I Run #1),Books,Christian Fiction,49.97,49.97,0.00,3,4,0,61569d12d4ae7161
I've Got Your Number,Books,Womens Fiction,19.69,19.69,0.00,3,1,0,6b32b561dab8036c
I Am Malala: The Girl Who Stood Up for Education and Was Shot by the Taliban,Books,Nonfiction,28.88,28.88,0.00,3,2,0,8010c7c148057fd3
Hungry Girl Clean & Hungry: Easy All-Natural Recipes for Healthy Eating in the Real World,Books,Food and Drink,33.14,33.14,0.00,3,3,0,6c4d17a46cac8787
"House of Lost Worlds: Dinosaurs, Dynasties, and the Story of Life on Earth",Books,History,43.70,43.70,0.00,3,2,0,1812b8f5641287e3
House of Leaves,Books,Horror,54.89,54.89,0.00,3,1,0,557c03c284be1bf2
Horrible Bear!,Books,Childrens,37.52,37.52,0.00,3,2,0,cc1ac978a6835ef6
Holidays on Ice,Books,Humor,51.07,51.07,0.00,3,2,0,0cb4856be3694a57
Heir to the Sky,Books,Fantasy,44.07,44.07,0.00,3,4,0,b003f8bb02f76dc5
Green Eggs and Ham (Beginner Books B-16),Books,Childrens,10.79,10.79,0.00,3,4,0,621e2c310cec8d32
"Grayson, Vol 3: Nemesis (Grayson #3)",Books,Sequential Art,42.72,42.72,0.00,3,1,0,4f6985aca357ae09
Gratitude,Books,Nonfiction,26.66,26.66,0.00,3,5,0,c300cc9326592b65
Gone Girl,Books,Default,37.60,37.60,0.00,3,5,0,d5c588b6f9c015e4
Golden (Heart of Dread #3),Books,Young Adult,42.21,42.21,0.00,3,4,0,984b3b6e7479b571
Girl in the Blue Coat,Books,Historical Fiction,46.83,46.83,0.00,3,2,0,41fc5dce044f16f5
"Fruits Basket, Vol. 3 (Fruits Basket #3)",Books,Sequential Art,45.17,45.17,0.00,3,2,0,d5f5a122a593b580
"Friday Night Lights: A Town, a Team, and a Dream",Books,Sports and Games,51.22,51.22,0.00,3,3,0,a9aa3ed5b316470b
Fire Bound (Sea Haven/Sisters of the Heart #5),Books,Add a comment,21.28,21.28,0.00,3,4,0,2ed3a794a70aa85f
Fifty Shades Freed (Fifty Shades #3),Books,Adult Fiction,15.36,15.36,0.00,3,5,0,ed813a848580ba50
Fellside,Books,Default,38.62,38.62,0.00,3,1,0,147019cae600694e
Extreme Prey (Lucas Davenport #26),Books,Mystery,25.40,25.40,0.00,3,3,0,588ba85ff11a3263
Eragon (The Inheritance Cycle #1),Books,Fantasy,43.87,43.87,0.00,3,3,0,b843f52a986a2914
Eclipse (Twilight #3),Books,Default,18.74,18.74,0.00,3,1,0,73f71f9556442117
Dune (Dune #1),Books,Science Fiction,54.86,54.86,0.00,3,1,0,36d5884d44484277
Dracula,Books,Default,52.62,52.62,0.00,3,3,0,a7ec599c1a547746
Do Androids Dream of Electric Sheep? (Blade Runner #1),Books,Science Fiction,51.48,51.48,0.00,3,1,0,98330e431e56a9ea
Disrupted: My Misadventure in the Start-Up Bubble,Books,Nonfiction,15.28,15.28,0.00,3,5,0,81372abc86f65c79
Dead Wake: The Last Crossing of the Lusitania,Books,Default,39.24,39.24,0.00,3,5,0,04d858cdeeee0da4
"David and Goliath: Underdogs, Misfits, and the Art of Battling Giants",Books,Default,17.81,17.81,0.00,3,1,0,d234ddecef49ef4e
Darkfever (Fever #1),Books,Fantasy,56.02,56.02,0.00,3,1,0,468bd274ac084bb9
Dark Places,Books,Default,23.90,23.90,0.00,3,5,0,66937c669c4da072
Crazy Rich Asians (Crazy Rich Asians #1),Books,Fiction,49.13,49.13,0.00,3,5,0,c9782ad2a0ed9331
Counting Thyme,Books,Childrens,10.62,10.62,0.00,3,1,0,157f693d9e600ccc
Cosmos,Books,Add a comment,36.17,36.17,0.00,3,2,0,dbe33cf29ef1623d
Civilization and Its Discontents,Books,Psychology,59.95,59.95,0.00,3,2,0,396385e3de5d18c3
Cinder (The Lunar Chronicles #1),Books,Young Adult,26.09,26.09,0.00,3,1,0,7e9579921e5407cb
Catastrophic Happiness: Finding Joy in Childhood's Messy Years,Books,Parenting,37.35,37.35,0.00,3,2,0,ef49db2aaa9bb547
Career of Evil (Cormoran Strike #3),Books,Mystery,24.72,24.72,0.00,3,2,0,b461cf238506c5b8
Breaking Dawn (Twilight #4),Books,Default,35.28,35.28,0.00,3,5,0,bbfc4a3b7b6c94a0
Brave Enough,Books,Nonfiction,51.32,51.32,0.00,3,5,0,fd2337c1b73b686e
Boy Meets Boy,Books,Young Adult,21.12,21.12,0.00,3,3,0,8e0bc2fe4e7d35b5
"Born to Run: A Hidden Tribe, Superathletes, and the Greatest Race the World Has Never Seen",Books,Nonfiction,27.35,27.35,0.00,3,2,0,e256de8aa0c2115f
Blink: The Power of Thinking Without Thinking,Books,Nonfiction,21.74,21.74,0.00,3,5,0,0bbc48294707ba96
Black Flags: The Rise of ISIS,Books,Nonfiction,40.87,40.87,0.00,3,1,0,860318b8e244f39c
"Black Butler, Vol. 1 (Black Butler #1)",Books,Sequential Art,49.31,49.31,0.00,3,1,0,15f415d436888b2d
Big Little Lies,Books,Fiction,22.11,22.11,0.00,3,1,0,d3f9c4539c0caa64
Between Shades of Gray,Books,Historical Fiction,20.79,20.79,0.00,3,5,0,155e42df837ee5ff
Best of My Love (Fool's Gold #20),Books,Romance,27.41,27.41,0.00,3,2,0,67dea6c75d6a1075
Beowulf,Books,Classics,38.35,38.35,0.00,3,2,0,3fb69f34e178d494
Beautiful Creatures (Caster Chronicles #1),Books,Default,21.55,21.55,0.00,3,5,0,5439bae708bca198
Awkward,Books,Sequential Art,38.02,38.02,0.00,3,2,0,1d89a2aa9f6ce50f
Ash,Books,Fantasy,22.06,22.06,0.00,3,4,0,5d22e2a46604b6e7
Are We There Yet?,Books,Childrens,10.66,10.66,0.00,3,3,0,ef9c4f2465513956
Are We Smart Enough to Know How Smart Animals Are?,Books,Nonfiction,56.58,56.58,0.00,3,1,0,da0349a87c8caa2f
Annie on My Mind,Books,Young Adult,36.83,36.83,0.00,3,5,0,7bf87402413c27ff
And Then There Were None,Books,Classics,35.01,35.01,0.00,3,2,0,cfe350b20d23b02b
A Walk in the Woods: Rediscovering America on the Appalachian Trail,Books,Nonfiction,30.48,30.48,0.00,3,4,0,bcee4f289ff6699c
A Visit from the Goon Squad,Books,Default,14.08,14.08,0.00,3,5,0,5dbd6ec4e154ad2f
A Storm of Swords (A Song of Ice and Fire #3),Books,Fantasy,31.22,31.22,0.00,3,2,0,87beabf664115d79
A Heartbreaking Work of Staggering Genius,Books,Autobiography,54.29,54.29,0.00,3,5,0,c9770bb1d5a492a0
8 Keys to Mental Health Through Exercise,Books,Psychology,31.04,31.04,0.00,3,1,0,f5873c8fc7760000
#GIRLBOSS,Books,Add a comment,50.96,50.96,0.00,3,1,0,165affa7adb5eded
"The Suffragettes (Little Black Classics, #96)",Books,Nonfiction,11.89,11.89,0.00,2,2,0,d2185b65af52d68c
The Sense of an Ending,Books,Add a comment,31.38,31.38,0.00,2,3,0,4130678275eb7c8c
"The Sandman, Vol. 2: The Doll's House (The Sandman (volumes) #2)",Books,Sequential Art,54.81,54.81,0.00,2,1,0,276dc716b1da8899
The Course of Love,Books,Fiction,16.78,16.78,0.00,2,3,0,f3c76b53b239f511
Sugar Rush (Offensive Line #2),Books,Sports and Games,24.42,24.42,0.00,2,1,0,ce42e3de94226b2b
"Saga, Volume 2 (Saga (Collected Editions) #2)",Books,Sequential Art,11.75,11.75,0.00,2,3,0,9189fd009df41d0e
"Run, Spot, Run: The Ethics of Keeping Pets",Books,Philosophy,20.02,20.02,0.00,2,1,0,b0e479be03911916
New Moon (Twilight #2),Books,Young Adult,12.86,12.86,0.00,2,4,0,6fa3ea52c8e31e06
Life,Books,Music,31.58,31.58,0.00,2,5,0,637e5a45062aa548
Kindle Paperwhite User's Guide,Books,Nonfiction,34.00,34.00,0.00,2,3,0,fb495f9f9015a772
H is for Hawk,Books,Nonfiction,57.42,57.42,0.00,2,5,0,b6d3f4f4ee1f6069
Girl Online On Tour (Girl Online #2),Books,Young Adult,53.47,53.47,0.00,2,1,0,97b8f130d32e9f4e
"Fruits Basket, Vol. 2 (Fruits Basket #2)",Books,Sequential Art,11.64,11.64,0.00,2,5,0,c0db71f6bb14db11
Diary of a Minecraft Zombie Book 1: A Scare of a Dare (An Unofficial Minecraft Book),Books,Childrens,52.88,52.88,0.00,2,4,0,d7b463918d3b8c39
"Y: The Last Man, Vol. 1: Unmanned (Y: The Last Man #1)",Books,Sequential Art,18.51,18.51,0.00,1,4,0,09d26b5f819c6a36
While You Were Mine,Books,Historical Fiction,41.32,41.32,0.00,1,5,0,8ceb5c6aed2c5f8b
Where Lightning Strikes (Bleeding Stars #3),Books,Romance,39.77,39.77,0.00,1,3,0,def389ddfda6991b
When I'm Gone,Books,Fiction,51.96,51.96,0.00,1,3,0,c5f91eb481427dc5
Ways of Seeing,Books,Art,39.51,39.51,0.00,1,5,0,66a4e422b212726a
"Vampire Knight, Vol. 1 (Vampire Knight #1)",Books,Paranormal,15.40,15.40,0.00,1,1,0,e7e87087b1a44711
Vampire Girl (Vampire Girl #1),Books,Fantasy,53.82,53.82,0.00,1,2,0,dab5e75d1339706a
Twenty Love Poems and a Song of Despair,Books,Poetry,30.95,30.95,0.00,1,4,0,e63c3f25338baf9a
Travels with Charley: In Search of America,Books,Nonfiction,57.82,57.82,0.00,1,5,0,0268f149d014b389
Three Wishes (River of Time: California #1),Books,Science Fiction,44.18,44.18,0.00,1,2,0,460f97a346b44bac
This One Moment (Pushing Limits #1),Books,Romance,48.71,48.71,0.00,1,1,0,d6d98d3508c30f57
The Zombie Room,Books,Default,19.69,19.69,0.00,1,5,0,9c96cd1329fbd82d
"The Wicked + The Divine, Vol. 1: The Faust Act (The Wicked + The Divine)",Books,Sequential Art,36.52,36.52,0.00,1,2,0,dac9d1e654fac737
The Tumor,Books,Nonfiction,41.56,41.56,0.00,1,5,0,6514add13c82b115
The Story of Hong Gildong,Books,Classics,43.19,43.19,0.00,1,4,0,32d035df92ab9080
The Silent Wife,Books,Fiction,12.34,12.34,0.00,1,5,0,b78deb463531d078
The Silent Twin (Detective Jennifer Knight #3),Books,Fantasy,36.25,36.25,0.00,1,3,0,9e9932ae1a7d0943
The Selfish Gene,Books,Science,29.45,29.45,0.00,1,1,0,6f2c0a9adbb2bca9
The Secret Healer,Books,Historical Fiction,34.56,34.56,0.00,1,3,0,38f776ab9118aed7
"The Sandman, Vol. 1: Preludes and Nocturnes (The Sandman (volumes) #1)",Books,Sequential Art,54.12,54.12,0.00,1,3,0,5faefdc861684eb1
The Republic,Books,Add a comment,33.78,33.78,0.00,1,3,0,0ec9d2b018fb10d8
The Odyssey,Books,Add a comment,29.64,29.64,0.00,1,3,0,f0512adadffd2480
The No. 1 Ladies' Detective Agency (No. 1 Ladies' Detective Agency #1),Books,Mystery,57.70,57.70,0.00,1,4,0,b0913e67d38d5ed5
The Nicomachean Ethics,Books,Philosophy,36.34,36.34,0.00,1,1,0,5c10b64db3e4f228
The Name of the Wind (The Kingkiller Chronicle #1),Books,Default,50.59,50.59,0.00,1,3,0,c8614adb1a90b027
The Mirror & the Maze (The Wrath and the Dawn #1.5),Books,Fantasy,29.38,29.38,0.00,1,1,0,c40b70e0f6d80189
The Little Prince,Books,Classics,45.42,45.42,0.00,1,2,0,1aeca7d078d57deb
The Light of the Fireflies,Books,Add a comment,54.43,54.43,0.00,1,1,0,04e43893e32f9d29
The Last Girl (The Dominion Trilogy #1),Books,Science Fiction,36.26,36.26,0.00,1,2,0,16c71736dae78764
The Iliad,Books,Add a comment,16.16,16.16,0.00,1,1,0,86d8bd7afa5b51b3
The Hook Up (Game On #1),Books,New Adult,36.29,36.29,0.00,1,5,0,6e473eff459e809f
The Haters,Books,Young Adult,27.89,27.89,0.00,1,5,0,fff8a057a40c4a60
The Girl You Lost,Books,Mystery,12.29,12.29,0.00,1,5,0,4280ac3eab57aa5d
The Girl In The Ice (DCI Erika Foster #1),Books,Mystery,15.85,15.85,0.00,1,3,0,ee61197edb882599
The End of the Jesus Era (An Investigation #1),Books,Nonfiction,14.40,14.40,0.00,1,1,0,09659d1639a1f978
The Edge of Reason (Bridget Jones #2),Books,Womens Fiction,19.18,19.18,0.00,1,4,0,29fc016c459aeb14
The Complete Maus (Maus #1-2),Books,Sequential Art,10.64,10.64,0.00,1,3,0,3301af038a720587
The Communist Manifesto,Books,Add a comment,14.76,14.76,0.00,1,3,0,18b4545a5ed15581
The Bhagavad Gita,Books,Religion,57.49,57.49,0.00,1,3,0,f3a0b8c835129558
The Bette Davis Club,Books,Fiction,30.66,30.66,0.00,1,3,0,dfb0849016bc122c
The Art of Not Breathing,Books,Young Adult,40.83,40.83,0.00,1,4,0,5bc1fbccfbf2355c
Taking Shots (Assassins #1),Books,Default,18.88,18.88,0.00,1,2,0,a7eef9d6795422c1
Starlark,Books,Historical Fiction,25.83,25.83,0.00,1,3,0,e25164e5b3fe208b
"Skip Beat!, Vol. 01 (Skip Beat! #1)",Books,Sequential Art,42.12,42.12,0.00,1,3,0,2ac720f76384c57e
Sister Sable (The Mad Queen #1),Books,Fantasy,13.33,13.33,0.00,1,3,0,3a9a7c5895e82646
Shatter Me (Shatter Me #1),Books,Default,42.40,42.40,0.00,1,1,0,9ed7090d8fa690b0
Shameless,Books,New Adult,58.35,58.35,0.00,1,3,0,c068c013d6921fea
Shadow Rites (Jane Yellowrock #10),Books,Fantasy,21.72,21.72,0.00,1,4,0,229cd6564bf0dce4
Settling the Score (The Summer Games #1),Books,Sports and Games,44.91,44.91,0.00,1,2,0,132adf7335bb384a
Sense and Sensibility,Books,Classics,37.46,37.46,0.00,1,1,0,35e44170702139a4
"Saga, Volume 1 (Saga (Collected Editions) #1)",Books,Sequential Art,28.48,28.48,0.00,1,1,0,4f64568dfefa3ce7
"Rhythm, Chord & Malykhin",Books,Romance,28.34,28.34,0.00,1,2,0,9efb397067eb7e8a
"Rat Queens, Vol. 1: Sass & Sorcery (Rat Queens (Collected Editions) #1-5)",Books,Sequential Art,46.96,46.96,0.00,1,5,0,3cdca3b4a93980f5
Paradise Lost (Paradise #1),Books,Default,24.96,24.96,0.00,1,1,0,849db7ab7f4a640c
"Paper Girls, Vol. 1 (Paper Girls #1-5)",Books,Sequential Art,21.71,21.71,0.00,1,4,0,bcbcbcf0f6ed196f
"Ouran High School Host Club, Vol. 1 (Ouran High School Host Club #1)",Books,Sequential Art,29.87,29.87,0.00,1,3,0,326825e02a198cf6
Origins (Alphas 0.5),Books,Fantasy,28.99,28.99,0.00,1,1,0,8932e5c12f12ffed
One Second (Seven #7),Books,Fantasy,52.94,52.94,0.00,1,2,0,7ea31f38675b91c1
On the Road (Duluoz Legend),Books,Default,32.36,32.36,0.00,1,3,0,9ff997ab15713e53
Old Records Never Die: One Man's Quest for His Vinyl and His Past,Books,Music,55.66,55.66,0.00,1,2,0,a1985630339f4b3d
Off Sides (Off #1),Books,New Adult,39.45,39.45,0.00,1,5,0,b6f1cfadc4dd79d4
Of Mice and Men,Books,Classics,47.11,47.11,0.00,1,2,0,39592d9d72e717c4
Myriad (Prentor #1),Books,Fantasy,58.75,58.75,0.00,1,4,0,63e20a0f98218a87
My Perfect Mistake (Over the Top #1),Books,Romance,38.92,38.92,0.00,1,2,0,fd78f89878479f56
"Ms. Marvel, Vol. 1: No Normal (Ms. Marvel (2014-2015) #1)",Books,Sequential Art,39.39,39.39,0.00,1,4,0,35a60467893aa168
Meditations,Books,Philosophy,25.89,25.89,0.00,1,2,0,4f19709e47883df5
Matilda,Books,Childrens,28.34,28.34,0.00,1,1,0,1053fb7ee17a1f33
Lost Among the Living,Books,Historical Fiction,27.70,27.70,0.00,1,4,0,d510567580c8be52
Lord of the Flies,Books,Add a comment,24.89,24.89,0.00,1,3,0,71a6471bbdac21d9
Listen to Me (Fusion #1),Books,Romance,58.99,58.99,0.00,1,3,0,6e712ea24e77bd96
Kitchens of the Great Midwest,Books,Fiction,57.20,57.20,0.00,1,5,0,06f6a57a6d532844
Jane Eyre,Books,Default,38.43,38.43,0.00,1,5,0,8d390a1fc3133d06
Imperfect Harmony,Books,Romance,34.74,34.74,0.00,1,4,0,f28f7299d38c0932
Icing (Aces Hockey #2),Books,Sports and Games,40.44,40.44,0.00,1,4,0,3455b45888fb5053
"Hawkeye, Vol. 1: My Life as a Weapon (Hawkeye #1)",Books,Sequential Art,45.24,45.24,0.00,1,3,0,6fe02600f322a0a9
Having the Barbarian's Baby (Ice Planet Barbarians #7.5),Books,Science Fiction,34.96,34.96,0.00,1,4,0,6717a70913b3db79
"Giant Days, Vol. 1 (Giant Days #1-4)",Books,Sequential Art,56.76,56.76,0.00,1,4,0,eb0fe24bbc845ecc
"Fruits Basket, Vol. 1 (Fruits Basket #1)",Books,Sequential Art,40.28,40.28,0.00,1,5,0,72e6fbf4f6382557
Frankenstein,Books,Default,38.00,38.00,0.00,1,2,0,a492f49a3e2b6a71
Forever Rockers (The Rocker #12),Books,Music,28.80,28.80,0.00,1,3,0,e564c3f1a93ccf2e
Fighting Fate (Fighting #6),Books,Romance,39.24,39.24,0.00,1,3,0,6390772a3094939d
Emma,Books,Classics,32.93,32.93,0.00,1,2,0,2e69730561ed70ad
"Eat, Pray, Love",Books,Nonfiction,51.32,51.32,0.00,1,3,0,df56868afd166557
Deep Under (Walker Security #1),Books,Romance,47.09,47.09,0.00,1,5,0,0072b94dfa30608e
Choosing Our Religion: The Spiritual Lives of America's Nones,Books,Religion,28.42,28.42,0.00,1,4,0,a812f6969ddf3e39
Charlie and the Chocolate Factory (Charlie Bucket #1),Books,Childrens,22.85,22.85,0.00,1,3,0,1774749f2cee292f
Charity's Cross (Charles Towne Belles #4),Books,Romance,41.24,41.24,0.00,1,1,0,a96404cb928895f3
Bright Lines,Books,Fiction,39.07,39.07,0.00,1,5,0,230ac636ea0ea415
Bridget Jones's Diary (Bridget Jones #1),Books,Womens Fiction,29.82,29.82,0.00,1,1,0,a2b4b685dfa94733
Bounty (Colorado Mountain #7),Books,Romance,37.26,37.26,0.00,1,4,0,abc0b15f2c907ff0
Blood Defense (Samantha Brinkman #1),Books,Mystery,20.30,20.30,0.00,1,3,0,95cdfd514098c38b
"Bleach, Vol. 1: Strawberry and the Soul Reapers (Bleach #1)",Books,Sequential Art,34.65,34.65,0.00,1,5,0,099fae4a0705d63b
Beyond Good and Evil,Books,Philosophy,43.38,43.38,0.00,1,1,0,08672cd59171d5e4
Alice in Wonderland (Alice's Adventures in Wonderland #1),Books,Classics,55.53,55.53,0.00,1,1,0,cd2a2a70dd5d176d
"Ajin: Demi-Human, Volume 1 (Ajin: Demi-Human #1)",Books,Sequential Art,57.06,57.06,0.00,1,4,0,bfd5e1701c862ac3
A Spy's Devotion (The Regency Spies of London #1),Books,Historical Fiction,16.97,16.97,0.00,1,5,0,19fec36a1dfb4c16
1st to Die (Women's Murder Club #1),Books,Mystery,53.98,53.98,0.00,1,1,0,f684a82adc49f011
"1,000 Places to See Before You Die",Books,Travel,26.08,26.08,0.00,1,5,0,228ba5e7577e1d49
